-- phpMyAdmin SQL Dump
-- version 5.2.0
-- https://www.phpmyadmin.net/
--
-- Servidor: 127.0.0.1
-- Tiempo de generación: 12-11-2022 a las 11:29:51
-- Versión del servidor: 10.4.25-MariaDB
-- Versión de PHP: 8.1.10

SET SQL_MODE = "NO_AUTO_VALUE_ON_ZERO";
START TRANSACTION;
SET time_zone = "+00:00";


/*!40101 SET @OLD_CHARACTER_SET_CLIENT=@@CHARACTER_SET_CLIENT */;
/*!40101 SET @OLD_CHARACTER_SET_RESULTS=@@CHARACTER_SET_RESULTS */;
/*!40101 SET @OLD_COLLATION_CONNECTION=@@COLLATION_CONNECTION */;
/*!40101 SET NAMES utf8mb4 */;

--
-- Base de datos: `trenes_nilo`
--

-- --------------------------------------------------------

--
-- Estructura de tabla para la tabla `asientos`
--

CREATE TABLE `asientos` (
  `cod_asiento` int(6) NOT NULL,
  `nro_Asiento` int(2) DEFAULT NULL,
  `tipo_Asiento` enum('ventana','pasillo') NOT NULL,
  `disponible` bit(1) NOT NULL,
  `nro_Vagon` int(25) NOT NULL,
  `matri_tren` varchar(20) NOT NULL
) ENGINE=InnoDB DEFAULT CHARSET=utf8mb4;

--
-- Volcado de datos para la tabla `asientos`
--

INSERT INTO `asientos` (`cod_asiento`, `nro_Asiento`, `tipo_Asiento`, `disponible`, `nro_Vagon`, `matri_tren`) VALUES
(3361, 1, 'ventana', b'0', 1, '9190 2 623 245-1'),
(3362, 2, 'pasillo', b'1', 1, '9190 2 623 245-1'),
(3363, 3, 'ventana', b'0', 1, '9190 2 623 245-1'),
(3364, 4, 'pasillo', b'0', 1, '9190 2 623 245-1'),
(3365, 5, 'ventana', b'1', 1, '9190 2 623 245-1'),
(3366, 6, 'pasillo', b'1', 1, '9190 2 623 245-1'),
(3367, 7, 'ventana', b'1', 1, '9190 2 623 245-1'),
(3368, 8, 'pasillo', b'1', 1, '9190 2 623 245-1'),
(3369, 9, 'ventana', b'1', 1, '9190 2 623 245-1'),
(3370, 10, 'pasillo', b'1', 1, '9190 2 623 245-1'),
(3371, 11, 'ventana', b'1', 1, '9190 2 623 245-1'),
(3372, 12, 'pasillo', b'1', 1, '9190 2 623 245-1'),
(3373, 13, 'ventana', b'1', 1, '9190 2 623 245-1'),
(3374, 14, 'pasillo', b'1', 1, '9190 2 623 245-1'),
(3375, 15, 'ventana', b'1', 1, '9190 2 623 245-1'),
(3376, 16, 'pasillo', b'1', 1, '9190 2 623 245-1'),
(3377, 17, 'ventana', b'1', 1, '9190 2 623 245-1'),
(3378, 18, 'pasillo', b'1', 1, '9190 2 623 245-1'),
(3379, 19, 'ventana', b'1', 1, '9190 2 623 245-1'),
(3380, 20, 'pasillo', b'1', 1, '9190 2 623 245-1'),
(3381, 21, 'ventana', b'1', 1, '9190 2 623 245-1'),
(3382, 22, 'pasillo', b'1', 1, '9190 2 623 245-1'),
(3383, 23, 'ventana', b'1', 1, '9190 2 623 245-1'),
(3384, 24, 'pasillo', b'1', 1, '9190 2 623 245-1'),
(3385, 25, 'ventana', b'1', 1, '9190 2 623 245-1'),
(3386, 26, 'pasillo', b'1', 1, '9190 2 623 245-1'),
(3387, 27, 'ventana', b'1', 1, '9190 2 623 245-1'),
(3388, 28, 'pasillo', b'1', 1, '9190 2 623 245-1'),
(3389, 29, 'ventana', b'1', 1, '9190 2 623 245-1'),
(3390, 30, 'pasillo', b'1', 1, '9190 2 623 245-1'),
(3391, 31, 'pasillo', b'1', 1, '9190 2 623 245-1'),
(3392, 32, 'ventana', b'1', 1, '9190 2 623 245-1'),
(3393, 33, 'pasillo', b'1', 1, '9190 2 623 245-1'),
(3394, 34, 'ventana', b'1', 1, '9190 2 623 245-1'),
(3395, 35, 'pasillo', b'1', 1, '9190 2 623 245-1'),
(3396, 36, 'ventana', b'1', 1, '9190 2 623 245-1'),
(3397, 37, 'pasillo', b'1', 1, '9190 2 623 245-1'),
(3398, 38, 'ventana', b'1', 1, '9190 2 623 245-1'),
(3399, 39, 'pasillo', b'1', 1, '9190 2 623 245-1'),
(3400, 40, 'ventana', b'1', 1, '9190 2 623 245-1'),
(3401, 41, 'pasillo', b'1', 1, '9190 2 623 245-1'),
(3402, 42, 'ventana', b'1', 1, '9190 2 623 245-1'),
(3403, 43, 'pasillo', b'1', 1, '9190 2 623 245-1'),
(3404, 44, 'ventana', b'1', 1, '9190 2 623 245-1'),
(3405, 45, 'pasillo', b'1', 1, '9190 2 623 245-1'),
(3406, 46, 'ventana', b'1', 1, '9190 2 623 245-1'),
(3407, 47, 'pasillo', b'1', 1, '9190 2 623 245-1'),
(3408, 48, 'ventana', b'1', 1, '9190 2 623 245-1'),
(3409, 49, 'pasillo', b'1', 1, '9190 2 623 245-1'),
(3410, 50, 'ventana', b'1', 1, '9190 2 623 245-1'),
(3411, 51, 'pasillo', b'1', 1, '9190 2 623 245-1'),
(3412, 52, 'ventana', b'1', 1, '9190 2 623 245-1'),
(3413, 53, 'pasillo', b'1', 1, '9190 2 623 245-1'),
(3414, 54, 'ventana', b'1', 1, '9190 2 623 245-1'),
(3415, 55, 'pasillo', b'1', 1, '9190 2 623 245-1'),
(3416, 56, 'ventana', b'1', 1, '9190 2 623 245-1'),
(3417, 57, 'pasillo', b'1', 1, '9190 2 623 245-1'),
(3418, 58, 'ventana', b'1', 1, '9190 2 623 245-1'),
(3419, 59, 'pasillo', b'1', 1, '9190 2 623 245-1'),
(3420, 60, 'ventana', b'1', 1, '9190 2 623 245-1'),
(3421, 1, 'ventana', b'1', 2, '9190 2 623 245-1'),
(3422, 2, 'pasillo', b'0', 2, '9190 2 623 245-1'),
(3423, 3, 'ventana', b'0', 2, '9190 2 623 245-1'),
(3424, 4, 'pasillo', b'0', 2, '9190 2 623 245-1'),
(3425, 5, 'ventana', b'1', 2, '9190 2 623 245-1'),
(3426, 6, 'pasillo', b'1', 2, '9190 2 623 245-1'),
(3427, 7, 'ventana', b'1', 2, '9190 2 623 245-1'),
(3428, 8, 'pasillo', b'1', 2, '9190 2 623 245-1'),
(3429, 9, 'ventana', b'1', 2, '9190 2 623 245-1'),
(3430, 10, 'pasillo', b'1', 2, '9190 2 623 245-1'),
(3431, 11, 'ventana', b'1', 2, '9190 2 623 245-1'),
(3432, 12, 'pasillo', b'1', 2, '9190 2 623 245-1'),
(3433, 13, 'ventana', b'1', 2, '9190 2 623 245-1'),
(3434, 14, 'pasillo', b'1', 2, '9190 2 623 245-1'),
(3435, 15, 'ventana', b'1', 2, '9190 2 623 245-1'),
(3436, 16, 'pasillo', b'1', 2, '9190 2 623 245-1'),
(3437, 17, 'ventana', b'1', 2, '9190 2 623 245-1'),
(3438, 18, 'pasillo', b'1', 2, '9190 2 623 245-1'),
(3439, 19, 'ventana', b'1', 2, '9190 2 623 245-1'),
(3440, 20, 'pasillo', b'1', 2, '9190 2 623 245-1'),
(3441, 21, 'ventana', b'1', 2, '9190 2 623 245-1'),
(3442, 22, 'pasillo', b'1', 2, '9190 2 623 245-1'),
(3443, 23, 'ventana', b'1', 2, '9190 2 623 245-1'),
(3444, 24, 'pasillo', b'1', 2, '9190 2 623 245-1'),
(3445, 25, 'ventana', b'1', 2, '9190 2 623 245-1'),
(3446, 26, 'pasillo', b'1', 2, '9190 2 623 245-1'),
(3447, 27, 'ventana', b'1', 2, '9190 2 623 245-1'),
(3448, 28, 'pasillo', b'1', 2, '9190 2 623 245-1'),
(3449, 29, 'ventana', b'1', 2, '9190 2 623 245-1'),
(3450, 30, 'pasillo', b'1', 2, '9190 2 623 245-1'),
(3451, 31, 'pasillo', b'1', 2, '9190 2 623 245-1'),
(3452, 32, 'ventana', b'1', 2, '9190 2 623 245-1'),
(3453, 33, 'pasillo', b'0', 2, '9190 2 623 245-1'),
(3454, 34, 'ventana', b'0', 2, '9190 2 623 245-1'),
(3455, 35, 'pasillo', b'0', 2, '9190 2 623 245-1'),
(3456, 36, 'ventana', b'1', 2, '9190 2 623 245-1'),
(3457, 37, 'pasillo', b'1', 2, '9190 2 623 245-1'),
(3458, 38, 'ventana', b'1', 2, '9190 2 623 245-1'),
(3459, 39, 'pasillo', b'1', 2, '9190 2 623 245-1'),
(3460, 40, 'ventana', b'1', 2, '9190 2 623 245-1'),
(3461, 41, 'pasillo', b'1', 2, '9190 2 623 245-1'),
(3462, 42, 'ventana', b'1', 2, '9190 2 623 245-1'),
(3463, 43, 'pasillo', b'1', 2, '9190 2 623 245-1'),
(3464, 44, 'ventana', b'1', 2, '9190 2 623 245-1'),
(3465, 45, 'pasillo', b'1', 2, '9190 2 623 245-1'),
(3466, 46, 'ventana', b'1', 2, '9190 2 623 245-1'),
(3467, 47, 'pasillo', b'1', 2, '9190 2 623 245-1'),
(3468, 48, 'ventana', b'1', 2, '9190 2 623 245-1'),
(3469, 49, 'pasillo', b'1', 2, '9190 2 623 245-1'),
(3470, 50, 'ventana', b'1', 2, '9190 2 623 245-1'),
(3471, 51, 'pasillo', b'1', 2, '9190 2 623 245-1'),
(3472, 52, 'ventana', b'1', 2, '9190 2 623 245-1'),
(3473, 53, 'pasillo', b'1', 2, '9190 2 623 245-1'),
(3474, 54, 'ventana', b'1', 2, '9190 2 623 245-1'),
(3475, 55, 'pasillo', b'1', 2, '9190 2 623 245-1'),
(3476, 56, 'ventana', b'1', 2, '9190 2 623 245-1'),
(3477, 57, 'pasillo', b'1', 2, '9190 2 623 245-1'),
(3478, 58, 'ventana', b'1', 2, '9190 2 623 245-1'),
(3479, 59, 'pasillo', b'1', 2, '9190 2 623 245-1'),
(3480, 60, 'ventana', b'1', 2, '9190 2 623 245-1'),
(3481, 1, 'ventana', b'1', 3, '9190 2 623 245-1'),
(3482, 2, 'pasillo', b'1', 3, '9190 2 623 245-1'),
(3483, 3, 'ventana', b'1', 3, '9190 2 623 245-1'),
(3484, 4, 'pasillo', b'1', 3, '9190 2 623 245-1'),
(3485, 5, 'ventana', b'1', 3, '9190 2 623 245-1'),
(3486, 6, 'pasillo', b'1', 3, '9190 2 623 245-1'),
(3487, 7, 'ventana', b'1', 3, '9190 2 623 245-1'),
(3488, 8, 'pasillo', b'1', 3, '9190 2 623 245-1'),
(3489, 9, 'ventana', b'1', 3, '9190 2 623 245-1'),
(3490, 10, 'pasillo', b'1', 3, '9190 2 623 245-1'),
(3491, 11, 'ventana', b'1', 3, '9190 2 623 245-1'),
(3492, 12, 'pasillo', b'1', 3, '9190 2 623 245-1'),
(3493, 13, 'ventana', b'1', 3, '9190 2 623 245-1'),
(3494, 14, 'pasillo', b'1', 3, '9190 2 623 245-1'),
(3495, 15, 'ventana', b'1', 3, '9190 2 623 245-1'),
(3496, 16, 'pasillo', b'1', 3, '9190 2 623 245-1'),
(3497, 17, 'ventana', b'1', 3, '9190 2 623 245-1'),
(3498, 18, 'pasillo', b'1', 3, '9190 2 623 245-1'),
(3499, 19, 'ventana', b'1', 3, '9190 2 623 245-1'),
(3500, 20, 'pasillo', b'1', 3, '9190 2 623 245-1'),
(3501, 21, 'ventana', b'1', 3, '9190 2 623 245-1'),
(3502, 22, 'pasillo', b'1', 3, '9190 2 623 245-1'),
(3503, 23, 'ventana', b'1', 3, '9190 2 623 245-1'),
(3504, 24, 'pasillo', b'1', 3, '9190 2 623 245-1'),
(3505, 25, 'ventana', b'1', 3, '9190 2 623 245-1'),
(3506, 26, 'pasillo', b'1', 3, '9190 2 623 245-1'),
(3507, 27, 'ventana', b'1', 3, '9190 2 623 245-1'),
(3508, 28, 'pasillo', b'1', 3, '9190 2 623 245-1'),
(3509, 29, 'ventana', b'1', 3, '9190 2 623 245-1'),
(3510, 30, 'pasillo', b'1', 3, '9190 2 623 245-1'),
(3511, 31, 'pasillo', b'1', 3, '9190 2 623 245-1'),
(3512, 32, 'ventana', b'1', 3, '9190 2 623 245-1'),
(3513, 33, 'pasillo', b'1', 3, '9190 2 623 245-1'),
(3514, 34, 'ventana', b'1', 3, '9190 2 623 245-1'),
(3515, 35, 'pasillo', b'1', 3, '9190 2 623 245-1'),
(3516, 36, 'ventana', b'1', 3, '9190 2 623 245-1'),
(3517, 37, 'pasillo', b'1', 3, '9190 2 623 245-1'),
(3518, 38, 'ventana', b'1', 3, '9190 2 623 245-1'),
(3519, 39, 'pasillo', b'1', 3, '9190 2 623 245-1'),
(3520, 40, 'ventana', b'1', 3, '9190 2 623 245-1'),
(3521, 41, 'pasillo', b'1', 3, '9190 2 623 245-1'),
(3522, 42, 'ventana', b'1', 3, '9190 2 623 245-1'),
(3523, 43, 'pasillo', b'1', 3, '9190 2 623 245-1'),
(3524, 44, 'ventana', b'1', 3, '9190 2 623 245-1'),
(3525, 45, 'pasillo', b'1', 3, '9190 2 623 245-1'),
(3526, 46, 'ventana', b'1', 3, '9190 2 623 245-1'),
(3527, 47, 'pasillo', b'1', 3, '9190 2 623 245-1'),
(3528, 48, 'ventana', b'1', 3, '9190 2 623 245-1'),
(3529, 49, 'pasillo', b'1', 3, '9190 2 623 245-1'),
(3530, 50, 'ventana', b'1', 3, '9190 2 623 245-1'),
(3531, 51, 'pasillo', b'1', 3, '9190 2 623 245-1'),
(3532, 52, 'ventana', b'1', 3, '9190 2 623 245-1'),
(3533, 53, 'pasillo', b'1', 3, '9190 2 623 245-1'),
(3534, 54, 'ventana', b'1', 3, '9190 2 623 245-1'),
(3535, 55, 'pasillo', b'1', 3, '9190 2 623 245-1'),
(3536, 56, 'ventana', b'1', 3, '9190 2 623 245-1'),
(3537, 57, 'pasillo', b'1', 3, '9190 2 623 245-1'),
(3538, 58, 'ventana', b'1', 3, '9190 2 623 245-1'),
(3539, 59, 'pasillo', b'1', 3, '9190 2 623 245-1'),
(3540, 60, 'ventana', b'1', 3, '9190 2 623 245-1'),
(3541, 1, 'ventana', b'1', 4, '9190 2 623 245-1'),
(3542, 2, 'pasillo', b'1', 4, '9190 2 623 245-1'),
(3543, 3, 'ventana', b'1', 4, '9190 2 623 245-1'),
(3544, 4, 'pasillo', b'1', 4, '9190 2 623 245-1'),
(3545, 5, 'ventana', b'0', 4, '9190 2 623 245-1'),
(3546, 6, 'pasillo', b'0', 4, '9190 2 623 245-1'),
(3547, 7, 'ventana', b'0', 4, '9190 2 623 245-1'),
(3548, 8, 'pasillo', b'0', 4, '9190 2 623 245-1'),
(3549, 9, 'ventana', b'1', 4, '9190 2 623 245-1'),
(3550, 10, 'pasillo', b'1', 4, '9190 2 623 245-1'),
(3551, 11, 'ventana', b'1', 4, '9190 2 623 245-1'),
(3552, 12, 'pasillo', b'1', 4, '9190 2 623 245-1'),
(3553, 13, 'ventana', b'1', 4, '9190 2 623 245-1'),
(3554, 14, 'pasillo', b'1', 4, '9190 2 623 245-1'),
(3555, 15, 'ventana', b'1', 4, '9190 2 623 245-1'),
(3556, 16, 'pasillo', b'1', 4, '9190 2 623 245-1'),
(3557, 17, 'ventana', b'1', 4, '9190 2 623 245-1'),
(3558, 18, 'pasillo', b'1', 4, '9190 2 623 245-1'),
(3559, 19, 'ventana', b'1', 4, '9190 2 623 245-1'),
(3560, 20, 'pasillo', b'1', 4, '9190 2 623 245-1'),
(3561, 21, 'ventana', b'1', 4, '9190 2 623 245-1'),
(3562, 22, 'pasillo', b'1', 4, '9190 2 623 245-1'),
(3563, 23, 'ventana', b'1', 4, '9190 2 623 245-1'),
(3564, 24, 'pasillo', b'1', 4, '9190 2 623 245-1'),
(3565, 25, 'ventana', b'1', 4, '9190 2 623 245-1'),
(3566, 26, 'pasillo', b'1', 4, '9190 2 623 245-1'),
(3567, 27, 'ventana', b'1', 4, '9190 2 623 245-1'),
(3568, 28, 'pasillo', b'1', 4, '9190 2 623 245-1'),
(3569, 29, 'ventana', b'1', 4, '9190 2 623 245-1'),
(3570, 30, 'pasillo', b'1', 4, '9190 2 623 245-1'),
(3571, 31, 'pasillo', b'1', 4, '9190 2 623 245-1'),
(3572, 32, 'ventana', b'1', 4, '9190 2 623 245-1'),
(3573, 33, 'pasillo', b'1', 4, '9190 2 623 245-1'),
(3574, 34, 'ventana', b'1', 4, '9190 2 623 245-1'),
(3575, 35, 'pasillo', b'0', 4, '9190 2 623 245-1'),
(3576, 36, 'ventana', b'1', 4, '9190 2 623 245-1'),
(3577, 37, 'pasillo', b'1', 4, '9190 2 623 245-1'),
(3578, 38, 'ventana', b'1', 4, '9190 2 623 245-1'),
(3579, 39, 'pasillo', b'1', 4, '9190 2 623 245-1'),
(3580, 40, 'ventana', b'1', 4, '9190 2 623 245-1'),
(3581, 41, 'pasillo', b'1', 4, '9190 2 623 245-1'),
(3582, 42, 'ventana', b'1', 4, '9190 2 623 245-1'),
(3583, 43, 'pasillo', b'1', 4, '9190 2 623 245-1'),
(3584, 44, 'ventana', b'1', 4, '9190 2 623 245-1'),
(3585, 45, 'pasillo', b'1', 4, '9190 2 623 245-1'),
(3586, 46, 'ventana', b'1', 4, '9190 2 623 245-1'),
(3587, 47, 'pasillo', b'1', 4, '9190 2 623 245-1'),
(3588, 48, 'ventana', b'1', 4, '9190 2 623 245-1'),
(3589, 49, 'pasillo', b'1', 4, '9190 2 623 245-1'),
(3590, 50, 'ventana', b'1', 4, '9190 2 623 245-1'),
(3591, 51, 'pasillo', b'1', 4, '9190 2 623 245-1'),
(3592, 52, 'ventana', b'1', 4, '9190 2 623 245-1'),
(3593, 53, 'pasillo', b'1', 4, '9190 2 623 245-1'),
(3594, 54, 'ventana', b'1', 4, '9190 2 623 245-1'),
(3595, 55, 'pasillo', b'1', 4, '9190 2 623 245-1'),
(3596, 56, 'ventana', b'1', 4, '9190 2 623 245-1'),
(3597, 57, 'pasillo', b'1', 4, '9190 2 623 245-1'),
(3598, 58, 'ventana', b'1', 4, '9190 2 623 245-1'),
(3599, 59, 'pasillo', b'1', 4, '9190 2 623 245-1'),
(3600, 60, 'ventana', b'1', 4, '9190 2 623 245-1'),
(3601, 1, 'ventana', b'1', 5, '9190 2 623 245-1'),
(3602, 2, 'pasillo', b'1', 5, '9190 2 623 245-1'),
(3603, 3, 'ventana', b'1', 5, '9190 2 623 245-1'),
(3604, 4, 'pasillo', b'1', 5, '9190 2 623 245-1'),
(3605, 5, 'ventana', b'0', 5, '9190 2 623 245-1'),
(3606, 6, 'pasillo', b'0', 5, '9190 2 623 245-1'),
(3607, 7, 'ventana', b'1', 5, '9190 2 623 245-1'),
(3608, 8, 'pasillo', b'1', 5, '9190 2 623 245-1'),
(3609, 9, 'ventana', b'1', 5, '9190 2 623 245-1'),
(3610, 10, 'pasillo', b'1', 5, '9190 2 623 245-1'),
(3611, 11, 'ventana', b'1', 5, '9190 2 623 245-1'),
(3612, 12, 'pasillo', b'1', 5, '9190 2 623 245-1'),
(3613, 13, 'ventana', b'1', 5, '9190 2 623 245-1'),
(3614, 14, 'pasillo', b'1', 5, '9190 2 623 245-1'),
(3615, 15, 'ventana', b'1', 5, '9190 2 623 245-1'),
(3616, 16, 'pasillo', b'1', 5, '9190 2 623 245-1'),
(3617, 17, 'ventana', b'1', 5, '9190 2 623 245-1'),
(3618, 18, 'pasillo', b'1', 5, '9190 2 623 245-1'),
(3619, 19, 'ventana', b'1', 5, '9190 2 623 245-1'),
(3620, 20, 'pasillo', b'1', 5, '9190 2 623 245-1'),
(3621, 21, 'ventana', b'1', 5, '9190 2 623 245-1'),
(3622, 22, 'pasillo', b'1', 5, '9190 2 623 245-1'),
(3623, 23, 'ventana', b'1', 5, '9190 2 623 245-1'),
(3624, 24, 'pasillo', b'1', 5, '9190 2 623 245-1'),
(3625, 25, 'ventana', b'1', 5, '9190 2 623 245-1'),
(3626, 26, 'pasillo', b'1', 5, '9190 2 623 245-1'),
(3627, 27, 'ventana', b'1', 5, '9190 2 623 245-1'),
(3628, 28, 'pasillo', b'1', 5, '9190 2 623 245-1'),
(3629, 29, 'ventana', b'1', 5, '9190 2 623 245-1'),
(3630, 30, 'pasillo', b'1', 5, '9190 2 623 245-1'),
(3631, 31, 'pasillo', b'1', 5, '9190 2 623 245-1'),
(3632, 32, 'ventana', b'1', 5, '9190 2 623 245-1'),
(3633, 33, 'pasillo', b'1', 5, '9190 2 623 245-1'),
(3634, 34, 'ventana', b'1', 5, '9190 2 623 245-1'),
(3635, 35, 'pasillo', b'1', 5, '9190 2 623 245-1'),
(3636, 36, 'ventana', b'1', 5, '9190 2 623 245-1'),
(3637, 37, 'pasillo', b'1', 5, '9190 2 623 245-1'),
(3638, 38, 'ventana', b'1', 5, '9190 2 623 245-1'),
(3639, 39, 'pasillo', b'1', 5, '9190 2 623 245-1'),
(3640, 40, 'ventana', b'1', 5, '9190 2 623 245-1'),
(3641, 41, 'pasillo', b'1', 5, '9190 2 623 245-1'),
(3642, 42, 'ventana', b'1', 5, '9190 2 623 245-1'),
(3643, 43, 'pasillo', b'1', 5, '9190 2 623 245-1'),
(3644, 44, 'ventana', b'1', 5, '9190 2 623 245-1'),
(3645, 45, 'pasillo', b'1', 5, '9190 2 623 245-1'),
(3646, 46, 'ventana', b'1', 5, '9190 2 623 245-1'),
(3647, 47, 'pasillo', b'1', 5, '9190 2 623 245-1'),
(3648, 48, 'ventana', b'1', 5, '9190 2 623 245-1'),
(3649, 49, 'pasillo', b'1', 5, '9190 2 623 245-1'),
(3650, 50, 'ventana', b'1', 5, '9190 2 623 245-1'),
(3651, 51, 'pasillo', b'1', 5, '9190 2 623 245-1'),
(3652, 52, 'ventana', b'1', 5, '9190 2 623 245-1'),
(3653, 53, 'pasillo', b'1', 5, '9190 2 623 245-1'),
(3654, 54, 'ventana', b'1', 5, '9190 2 623 245-1'),
(3655, 55, 'pasillo', b'1', 5, '9190 2 623 245-1'),
(3656, 56, 'ventana', b'1', 5, '9190 2 623 245-1'),
(3657, 57, 'pasillo', b'1', 5, '9190 2 623 245-1'),
(3658, 58, 'ventana', b'1', 5, '9190 2 623 245-1'),
(3659, 59, 'pasillo', b'1', 5, '9190 2 623 245-1'),
(3660, 60, 'ventana', b'1', 5, '9190 2 623 245-1'),
(3661, 1, 'ventana', b'1', 6, '9190 2 623 245-1'),
(3662, 2, 'pasillo', b'1', 6, '9190 2 623 245-1'),
(3663, 3, 'ventana', b'1', 6, '9190 2 623 245-1'),
(3664, 4, 'pasillo', b'1', 6, '9190 2 623 245-1'),
(3665, 5, 'ventana', b'1', 6, '9190 2 623 245-1'),
(3666, 6, 'pasillo', b'1', 6, '9190 2 623 245-1'),
(3667, 7, 'ventana', b'1', 6, '9190 2 623 245-1'),
(3668, 8, 'pasillo', b'1', 6, '9190 2 623 245-1'),
(3669, 9, 'ventana', b'1', 6, '9190 2 623 245-1'),
(3670, 10, 'pasillo', b'1', 6, '9190 2 623 245-1'),
(3671, 11, 'ventana', b'1', 6, '9190 2 623 245-1'),
(3672, 12, 'pasillo', b'1', 6, '9190 2 623 245-1'),
(3673, 13, 'ventana', b'1', 6, '9190 2 623 245-1'),
(3674, 14, 'pasillo', b'1', 6, '9190 2 623 245-1'),
(3675, 15, 'ventana', b'1', 6, '9190 2 623 245-1'),
(3676, 16, 'pasillo', b'1', 6, '9190 2 623 245-1'),
(3677, 17, 'ventana', b'1', 6, '9190 2 623 245-1'),
(3678, 18, 'pasillo', b'1', 6, '9190 2 623 245-1'),
(3679, 19, 'ventana', b'1', 6, '9190 2 623 245-1'),
(3680, 20, 'pasillo', b'1', 6, '9190 2 623 245-1'),
(3681, 21, 'ventana', b'1', 6, '9190 2 623 245-1'),
(3682, 22, 'pasillo', b'1', 6, '9190 2 623 245-1'),
(3683, 23, 'ventana', b'1', 6, '9190 2 623 245-1'),
(3684, 24, 'pasillo', b'1', 6, '9190 2 623 245-1'),
(3685, 25, 'ventana', b'1', 6, '9190 2 623 245-1'),
(3686, 26, 'pasillo', b'1', 6, '9190 2 623 245-1'),
(3687, 27, 'ventana', b'1', 6, '9190 2 623 245-1'),
(3688, 28, 'pasillo', b'1', 6, '9190 2 623 245-1'),
(3689, 29, 'ventana', b'1', 6, '9190 2 623 245-1'),
(3690, 30, 'pasillo', b'1', 6, '9190 2 623 245-1'),
(3691, 31, 'pasillo', b'1', 6, '9190 2 623 245-1'),
(3692, 32, 'ventana', b'1', 6, '9190 2 623 245-1'),
(3693, 33, 'pasillo', b'1', 6, '9190 2 623 245-1'),
(3694, 34, 'ventana', b'1', 6, '9190 2 623 245-1'),
(3695, 35, 'pasillo', b'1', 6, '9190 2 623 245-1'),
(3696, 36, 'ventana', b'1', 6, '9190 2 623 245-1'),
(3697, 37, 'pasillo', b'1', 6, '9190 2 623 245-1'),
(3698, 38, 'ventana', b'1', 6, '9190 2 623 245-1'),
(3699, 39, 'pasillo', b'1', 6, '9190 2 623 245-1'),
(3700, 40, 'ventana', b'1', 6, '9190 2 623 245-1'),
(3701, 41, 'pasillo', b'1', 6, '9190 2 623 245-1'),
(3702, 42, 'ventana', b'1', 6, '9190 2 623 245-1'),
(3703, 43, 'pasillo', b'1', 6, '9190 2 623 245-1'),
(3704, 44, 'ventana', b'1', 6, '9190 2 623 245-1'),
(3705, 45, 'pasillo', b'1', 6, '9190 2 623 245-1'),
(3706, 46, 'ventana', b'1', 6, '9190 2 623 245-1'),
(3707, 47, 'pasillo', b'1', 6, '9190 2 623 245-1'),
(3708, 48, 'ventana', b'1', 6, '9190 2 623 245-1'),
(3709, 49, 'pasillo', b'1', 6, '9190 2 623 245-1'),
(3710, 50, 'ventana', b'1', 6, '9190 2 623 245-1'),
(3711, 51, 'pasillo', b'1', 6, '9190 2 623 245-1'),
(3712, 52, 'ventana', b'1', 6, '9190 2 623 245-1'),
(3713, 53, 'pasillo', b'1', 6, '9190 2 623 245-1'),
(3714, 54, 'ventana', b'1', 6, '9190 2 623 245-1'),
(3715, 55, 'pasillo', b'1', 6, '9190 2 623 245-1'),
(3716, 56, 'ventana', b'1', 6, '9190 2 623 245-1'),
(3717, 57, 'pasillo', b'1', 6, '9190 2 623 245-1'),
(3718, 58, 'ventana', b'1', 6, '9190 2 623 245-1'),
(3719, 59, 'pasillo', b'1', 6, '9190 2 623 245-1'),
(3720, 60, 'ventana', b'1', 6, '9190 2 623 245-1'),
(3721, 1, 'ventana', b'1', 7, '9190 2 623 245-1'),
(3722, 2, 'pasillo', b'1', 7, '9190 2 623 245-1'),
(3723, 3, 'ventana', b'1', 7, '9190 2 623 245-1'),
(3724, 4, 'pasillo', b'1', 7, '9190 2 623 245-1'),
(3725, 5, 'ventana', b'1', 7, '9190 2 623 245-1'),
(3726, 6, 'pasillo', b'1', 7, '9190 2 623 245-1'),
(3727, 7, 'ventana', b'1', 7, '9190 2 623 245-1'),
(3728, 8, 'pasillo', b'1', 7, '9190 2 623 245-1'),
(3729, 9, 'ventana', b'1', 7, '9190 2 623 245-1'),
(3730, 10, 'pasillo', b'1', 7, '9190 2 623 245-1'),
(3731, 11, 'ventana', b'1', 7, '9190 2 623 245-1'),
(3732, 12, 'pasillo', b'1', 7, '9190 2 623 245-1'),
(3733, 13, 'ventana', b'1', 7, '9190 2 623 245-1'),
(3734, 14, 'pasillo', b'1', 7, '9190 2 623 245-1'),
(3735, 15, 'ventana', b'1', 7, '9190 2 623 245-1'),
(3736, 16, 'pasillo', b'1', 7, '9190 2 623 245-1'),
(3737, 17, 'ventana', b'1', 7, '9190 2 623 245-1'),
(3738, 18, 'pasillo', b'1', 7, '9190 2 623 245-1'),
(3739, 19, 'ventana', b'1', 7, '9190 2 623 245-1'),
(3740, 20, 'pasillo', b'1', 7, '9190 2 623 245-1'),
(3741, 21, 'ventana', b'1', 7, '9190 2 623 245-1'),
(3742, 22, 'pasillo', b'1', 7, '9190 2 623 245-1'),
(3743, 23, 'ventana', b'1', 7, '9190 2 623 245-1'),
(3744, 24, 'pasillo', b'1', 7, '9190 2 623 245-1'),
(3745, 25, 'ventana', b'1', 7, '9190 2 623 245-1'),
(3746, 26, 'pasillo', b'1', 7, '9190 2 623 245-1'),
(3747, 27, 'ventana', b'1', 7, '9190 2 623 245-1'),
(3748, 28, 'pasillo', b'1', 7, '9190 2 623 245-1'),
(3749, 29, 'ventana', b'1', 7, '9190 2 623 245-1'),
(3750, 30, 'pasillo', b'1', 7, '9190 2 623 245-1'),
(3751, 31, 'pasillo', b'1', 7, '9190 2 623 245-1'),
(3752, 32, 'ventana', b'1', 7, '9190 2 623 245-1'),
(3753, 33, 'pasillo', b'1', 7, '9190 2 623 245-1'),
(3754, 34, 'ventana', b'1', 7, '9190 2 623 245-1'),
(3755, 35, 'pasillo', b'1', 7, '9190 2 623 245-1'),
(3756, 36, 'ventana', b'1', 7, '9190 2 623 245-1'),
(3757, 37, 'pasillo', b'1', 7, '9190 2 623 245-1'),
(3758, 38, 'ventana', b'1', 7, '9190 2 623 245-1'),
(3759, 39, 'pasillo', b'1', 7, '9190 2 623 245-1'),
(3760, 40, 'ventana', b'1', 7, '9190 2 623 245-1'),
(3761, 41, 'pasillo', b'1', 7, '9190 2 623 245-1'),
(3762, 42, 'ventana', b'1', 7, '9190 2 623 245-1'),
(3763, 43, 'pasillo', b'1', 7, '9190 2 623 245-1'),
(3764, 44, 'ventana', b'1', 7, '9190 2 623 245-1'),
(3765, 45, 'pasillo', b'1', 7, '9190 2 623 245-1'),
(3766, 46, 'ventana', b'1', 7, '9190 2 623 245-1'),
(3767, 47, 'pasillo', b'1', 7, '9190 2 623 245-1'),
(3768, 48, 'ventana', b'1', 7, '9190 2 623 245-1'),
(3769, 49, 'pasillo', b'1', 7, '9190 2 623 245-1'),
(3770, 50, 'ventana', b'1', 7, '9190 2 623 245-1'),
(3771, 51, 'pasillo', b'1', 7, '9190 2 623 245-1'),
(3772, 52, 'ventana', b'1', 7, '9190 2 623 245-1'),
(3773, 53, 'pasillo', b'1', 7, '9190 2 623 245-1'),
(3774, 54, 'ventana', b'1', 7, '9190 2 623 245-1'),
(3775, 55, 'pasillo', b'1', 7, '9190 2 623 245-1'),
(3776, 56, 'ventana', b'1', 7, '9190 2 623 245-1'),
(3777, 57, 'pasillo', b'1', 7, '9190 2 623 245-1'),
(3778, 58, 'ventana', b'1', 7, '9190 2 623 245-1'),
(3779, 59, 'pasillo', b'1', 7, '9190 2 623 245-1'),
(3780, 60, 'ventana', b'1', 7, '9190 2 623 245-1'),
(3781, 1, 'ventana', b'1', 8, '9190 2 623 245-1'),
(3782, 2, 'pasillo', b'1', 8, '9190 2 623 245-1'),
(3783, 3, 'ventana', b'1', 8, '9190 2 623 245-1'),
(3784, 4, 'pasillo', b'1', 8, '9190 2 623 245-1'),
(3785, 5, 'ventana', b'1', 8, '9190 2 623 245-1'),
(3786, 6, 'pasillo', b'1', 8, '9190 2 623 245-1'),
(3787, 7, 'ventana', b'1', 8, '9190 2 623 245-1'),
(3788, 8, 'pasillo', b'1', 8, '9190 2 623 245-1'),
(3789, 9, 'ventana', b'1', 8, '9190 2 623 245-1'),
(3790, 10, 'pasillo', b'1', 8, '9190 2 623 245-1'),
(3791, 11, 'ventana', b'1', 8, '9190 2 623 245-1'),
(3792, 12, 'pasillo', b'1', 8, '9190 2 623 245-1'),
(3793, 13, 'ventana', b'1', 8, '9190 2 623 245-1'),
(3794, 14, 'pasillo', b'1', 8, '9190 2 623 245-1'),
(3795, 15, 'ventana', b'1', 8, '9190 2 623 245-1'),
(3796, 16, 'pasillo', b'1', 8, '9190 2 623 245-1'),
(3797, 17, 'ventana', b'1', 8, '9190 2 623 245-1'),
(3798, 18, 'pasillo', b'1', 8, '9190 2 623 245-1'),
(3799, 19, 'ventana', b'1', 8, '9190 2 623 245-1'),
(3800, 20, 'pasillo', b'1', 8, '9190 2 623 245-1'),
(3801, 21, 'ventana', b'1', 8, '9190 2 623 245-1'),
(3802, 22, 'pasillo', b'1', 8, '9190 2 623 245-1'),
(3803, 23, 'ventana', b'1', 8, '9190 2 623 245-1'),
(3804, 24, 'pasillo', b'1', 8, '9190 2 623 245-1'),
(3805, 25, 'ventana', b'1', 8, '9190 2 623 245-1'),
(3806, 26, 'pasillo', b'1', 8, '9190 2 623 245-1'),
(3807, 27, 'ventana', b'1', 8, '9190 2 623 245-1'),
(3808, 28, 'pasillo', b'1', 8, '9190 2 623 245-1'),
(3809, 29, 'ventana', b'1', 8, '9190 2 623 245-1'),
(3810, 30, 'pasillo', b'1', 8, '9190 2 623 245-1'),
(3811, 31, 'pasillo', b'1', 8, '9190 2 623 245-1'),
(3812, 32, 'ventana', b'1', 8, '9190 2 623 245-1'),
(3813, 33, 'pasillo', b'1', 8, '9190 2 623 245-1'),
(3814, 34, 'ventana', b'1', 8, '9190 2 623 245-1'),
(3815, 35, 'pasillo', b'1', 8, '9190 2 623 245-1'),
(3816, 36, 'ventana', b'1', 8, '9190 2 623 245-1'),
(3817, 37, 'pasillo', b'1', 8, '9190 2 623 245-1'),
(3818, 38, 'ventana', b'1', 8, '9190 2 623 245-1'),
(3819, 39, 'pasillo', b'1', 8, '9190 2 623 245-1'),
(3820, 40, 'ventana', b'1', 8, '9190 2 623 245-1'),
(3821, 41, 'pasillo', b'1', 8, '9190 2 623 245-1'),
(3822, 42, 'ventana', b'1', 8, '9190 2 623 245-1'),
(3823, 43, 'pasillo', b'1', 8, '9190 2 623 245-1'),
(3824, 44, 'ventana', b'1', 8, '9190 2 623 245-1'),
(3825, 45, 'pasillo', b'1', 8, '9190 2 623 245-1'),
(3826, 46, 'ventana', b'1', 8, '9190 2 623 245-1'),
(3827, 47, 'pasillo', b'1', 8, '9190 2 623 245-1'),
(3828, 48, 'ventana', b'1', 8, '9190 2 623 245-1'),
(3829, 49, 'pasillo', b'1', 8, '9190 2 623 245-1'),
(3830, 50, 'ventana', b'1', 8, '9190 2 623 245-1'),
(3831, 51, 'pasillo', b'1', 8, '9190 2 623 245-1'),
(3832, 52, 'ventana', b'1', 8, '9190 2 623 245-1'),
(3833, 53, 'pasillo', b'1', 8, '9190 2 623 245-1'),
(3834, 54, 'ventana', b'1', 8, '9190 2 623 245-1'),
(3835, 55, 'pasillo', b'1', 8, '9190 2 623 245-1'),
(3836, 56, 'ventana', b'1', 8, '9190 2 623 245-1'),
(3837, 57, 'pasillo', b'1', 8, '9190 2 623 245-1'),
(3838, 58, 'ventana', b'1', 8, '9190 2 623 245-1'),
(3839, 59, 'pasillo', b'1', 8, '9190 2 623 245-1'),
(3840, 60, 'ventana', b'1', 8, '9190 2 623 245-1'),
(3841, 1, 'ventana', b'1', 1, '9190 2 623 245-2'),
(3842, 2, 'pasillo', b'1', 1, '9190 2 623 245-2'),
(3843, 3, 'ventana', b'1', 1, '9190 2 623 245-2'),
(3844, 4, 'pasillo', b'1', 1, '9190 2 623 245-2'),
(3845, 5, 'ventana', b'1', 1, '9190 2 623 245-2'),
(3846, 6, 'pasillo', b'1', 1, '9190 2 623 245-2'),
(3847, 7, 'ventana', b'1', 1, '9190 2 623 245-2'),
(3848, 8, 'pasillo', b'1', 1, '9190 2 623 245-2'),
(3849, 9, 'ventana', b'1', 1, '9190 2 623 245-2'),
(3850, 10, 'pasillo', b'1', 1, '9190 2 623 245-2'),
(3851, 11, 'ventana', b'1', 1, '9190 2 623 245-2'),
(3852, 12, 'pasillo', b'1', 1, '9190 2 623 245-2'),
(3853, 13, 'ventana', b'1', 1, '9190 2 623 245-2'),
(3854, 14, 'pasillo', b'1', 1, '9190 2 623 245-2'),
(3855, 15, 'ventana', b'1', 1, '9190 2 623 245-2'),
(3856, 16, 'pasillo', b'1', 1, '9190 2 623 245-2'),
(3857, 17, 'ventana', b'1', 1, '9190 2 623 245-2'),
(3858, 18, 'pasillo', b'1', 1, '9190 2 623 245-2'),
(3859, 19, 'ventana', b'1', 1, '9190 2 623 245-2'),
(3860, 20, 'pasillo', b'1', 1, '9190 2 623 245-2'),
(3861, 21, 'ventana', b'1', 1, '9190 2 623 245-2'),
(3862, 22, 'pasillo', b'1', 1, '9190 2 623 245-2'),
(3863, 23, 'ventana', b'1', 1, '9190 2 623 245-2'),
(3864, 24, 'pasillo', b'1', 1, '9190 2 623 245-2'),
(3865, 25, 'ventana', b'1', 1, '9190 2 623 245-2'),
(3866, 26, 'pasillo', b'1', 1, '9190 2 623 245-2'),
(3867, 27, 'ventana', b'1', 1, '9190 2 623 245-2'),
(3868, 28, 'pasillo', b'1', 1, '9190 2 623 245-2'),
(3869, 29, 'ventana', b'1', 1, '9190 2 623 245-2'),
(3870, 30, 'pasillo', b'1', 1, '9190 2 623 245-2'),
(3871, 31, 'pasillo', b'1', 1, '9190 2 623 245-2'),
(3872, 32, 'ventana', b'1', 1, '9190 2 623 245-2'),
(3873, 33, 'pasillo', b'1', 1, '9190 2 623 245-2'),
(3874, 34, 'ventana', b'1', 1, '9190 2 623 245-2'),
(3875, 35, 'pasillo', b'1', 1, '9190 2 623 245-2'),
(3876, 36, 'ventana', b'1', 1, '9190 2 623 245-2'),
(3877, 37, 'pasillo', b'1', 1, '9190 2 623 245-2'),
(3878, 38, 'ventana', b'1', 1, '9190 2 623 245-2'),
(3879, 39, 'pasillo', b'1', 1, '9190 2 623 245-2'),
(3880, 40, 'ventana', b'1', 1, '9190 2 623 245-2'),
(3881, 41, 'pasillo', b'1', 1, '9190 2 623 245-2'),
(3882, 42, 'ventana', b'1', 1, '9190 2 623 245-2'),
(3883, 43, 'pasillo', b'1', 1, '9190 2 623 245-2'),
(3884, 44, 'ventana', b'1', 1, '9190 2 623 245-2'),
(3885, 45, 'pasillo', b'1', 1, '9190 2 623 245-2'),
(3886, 46, 'ventana', b'1', 1, '9190 2 623 245-2'),
(3887, 47, 'pasillo', b'1', 1, '9190 2 623 245-2'),
(3888, 48, 'ventana', b'1', 1, '9190 2 623 245-2'),
(3889, 49, 'pasillo', b'1', 1, '9190 2 623 245-2'),
(3890, 50, 'ventana', b'1', 1, '9190 2 623 245-2'),
(3891, 51, 'pasillo', b'1', 1, '9190 2 623 245-2'),
(3892, 52, 'ventana', b'1', 1, '9190 2 623 245-2'),
(3893, 53, 'pasillo', b'1', 1, '9190 2 623 245-2'),
(3894, 54, 'ventana', b'1', 1, '9190 2 623 245-2'),
(3895, 55, 'pasillo', b'1', 1, '9190 2 623 245-2'),
(3896, 56, 'ventana', b'1', 1, '9190 2 623 245-2'),
(3897, 57, 'pasillo', b'1', 1, '9190 2 623 245-2'),
(3898, 58, 'ventana', b'1', 1, '9190 2 623 245-2'),
(3899, 59, 'pasillo', b'1', 1, '9190 2 623 245-2'),
(3900, 60, 'ventana', b'1', 1, '9190 2 623 245-2'),
(3901, 1, 'ventana', b'1', 2, '9190 2 623 245-2'),
(3902, 2, 'pasillo', b'1', 2, '9190 2 623 245-2'),
(3903, 3, 'ventana', b'1', 2, '9190 2 623 245-2'),
(3904, 4, 'pasillo', b'1', 2, '9190 2 623 245-2'),
(3905, 5, 'ventana', b'1', 2, '9190 2 623 245-2'),
(3906, 6, 'pasillo', b'1', 2, '9190 2 623 245-2'),
(3907, 7, 'ventana', b'1', 2, '9190 2 623 245-2'),
(3908, 8, 'pasillo', b'1', 2, '9190 2 623 245-2'),
(3909, 9, 'ventana', b'1', 2, '9190 2 623 245-2'),
(3910, 10, 'pasillo', b'1', 2, '9190 2 623 245-2'),
(3911, 11, 'ventana', b'1', 2, '9190 2 623 245-2'),
(3912, 12, 'pasillo', b'1', 2, '9190 2 623 245-2'),
(3913, 13, 'ventana', b'1', 2, '9190 2 623 245-2'),
(3914, 14, 'pasillo', b'1', 2, '9190 2 623 245-2'),
(3915, 15, 'ventana', b'1', 2, '9190 2 623 245-2'),
(3916, 16, 'pasillo', b'1', 2, '9190 2 623 245-2'),
(3917, 17, 'ventana', b'1', 2, '9190 2 623 245-2'),
(3918, 18, 'pasillo', b'1', 2, '9190 2 623 245-2'),
(3919, 19, 'ventana', b'1', 2, '9190 2 623 245-2'),
(3920, 20, 'pasillo', b'1', 2, '9190 2 623 245-2'),
(3921, 21, 'ventana', b'1', 2, '9190 2 623 245-2'),
(3922, 22, 'pasillo', b'1', 2, '9190 2 623 245-2'),
(3923, 23, 'ventana', b'1', 2, '9190 2 623 245-2'),
(3924, 24, 'pasillo', b'1', 2, '9190 2 623 245-2'),
(3925, 25, 'ventana', b'1', 2, '9190 2 623 245-2'),
(3926, 26, 'pasillo', b'1', 2, '9190 2 623 245-2'),
(3927, 27, 'ventana', b'1', 2, '9190 2 623 245-2'),
(3928, 28, 'pasillo', b'1', 2, '9190 2 623 245-2'),
(3929, 29, 'ventana', b'1', 2, '9190 2 623 245-2'),
(3930, 30, 'pasillo', b'1', 2, '9190 2 623 245-2'),
(3931, 31, 'pasillo', b'1', 2, '9190 2 623 245-2'),
(3932, 32, 'ventana', b'1', 2, '9190 2 623 245-2'),
(3933, 33, 'pasillo', b'1', 2, '9190 2 623 245-2'),
(3934, 34, 'ventana', b'1', 2, '9190 2 623 245-2'),
(3935, 35, 'pasillo', b'1', 2, '9190 2 623 245-2'),
(3936, 36, 'ventana', b'1', 2, '9190 2 623 245-2'),
(3937, 37, 'pasillo', b'1', 2, '9190 2 623 245-2'),
(3938, 38, 'ventana', b'1', 2, '9190 2 623 245-2'),
(3939, 39, 'pasillo', b'1', 2, '9190 2 623 245-2'),
(3940, 40, 'ventana', b'1', 2, '9190 2 623 245-2'),
(3941, 41, 'pasillo', b'1', 2, '9190 2 623 245-2'),
(3942, 42, 'ventana', b'1', 2, '9190 2 623 245-2'),
(3943, 43, 'pasillo', b'1', 2, '9190 2 623 245-2'),
(3944, 44, 'ventana', b'1', 2, '9190 2 623 245-2'),
(3945, 45, 'pasillo', b'1', 2, '9190 2 623 245-2'),
(3946, 46, 'ventana', b'1', 2, '9190 2 623 245-2'),
(3947, 47, 'pasillo', b'1', 2, '9190 2 623 245-2'),
(3948, 48, 'ventana', b'1', 2, '9190 2 623 245-2'),
(3949, 49, 'pasillo', b'1', 2, '9190 2 623 245-2'),
(3950, 50, 'ventana', b'1', 2, '9190 2 623 245-2'),
(3951, 51, 'pasillo', b'1', 2, '9190 2 623 245-2'),
(3952, 52, 'ventana', b'1', 2, '9190 2 623 245-2'),
(3953, 53, 'pasillo', b'1', 2, '9190 2 623 245-2'),
(3954, 54, 'ventana', b'1', 2, '9190 2 623 245-2'),
(3955, 55, 'pasillo', b'1', 2, '9190 2 623 245-2'),
(3956, 56, 'ventana', b'1', 2, '9190 2 623 245-2'),
(3957, 57, 'pasillo', b'1', 2, '9190 2 623 245-2'),
(3958, 58, 'ventana', b'1', 2, '9190 2 623 245-2'),
(3959, 59, 'pasillo', b'1', 2, '9190 2 623 245-2'),
(3960, 60, 'ventana', b'1', 2, '9190 2 623 245-2'),
(3961, 1, 'ventana', b'1', 3, '9190 2 623 245-2'),
(3962, 2, 'pasillo', b'1', 3, '9190 2 623 245-2'),
(3963, 3, 'ventana', b'1', 3, '9190 2 623 245-2'),
(3964, 4, 'pasillo', b'1', 3, '9190 2 623 245-2'),
(3965, 5, 'ventana', b'1', 3, '9190 2 623 245-2'),
(3966, 6, 'pasillo', b'1', 3, '9190 2 623 245-2'),
(3967, 7, 'ventana', b'1', 3, '9190 2 623 245-2'),
(3968, 8, 'pasillo', b'1', 3, '9190 2 623 245-2'),
(3969, 9, 'ventana', b'1', 3, '9190 2 623 245-2'),
(3970, 10, 'pasillo', b'1', 3, '9190 2 623 245-2'),
(3971, 11, 'ventana', b'1', 3, '9190 2 623 245-2'),
(3972, 12, 'pasillo', b'1', 3, '9190 2 623 245-2'),
(3973, 13, 'ventana', b'1', 3, '9190 2 623 245-2'),
(3974, 14, 'pasillo', b'1', 3, '9190 2 623 245-2'),
(3975, 15, 'ventana', b'1', 3, '9190 2 623 245-2'),
(3976, 16, 'pasillo', b'1', 3, '9190 2 623 245-2'),
(3977, 17, 'ventana', b'1', 3, '9190 2 623 245-2'),
(3978, 18, 'pasillo', b'1', 3, '9190 2 623 245-2'),
(3979, 19, 'ventana', b'1', 3, '9190 2 623 245-2'),
(3980, 20, 'pasillo', b'1', 3, '9190 2 623 245-2'),
(3981, 21, 'ventana', b'1', 3, '9190 2 623 245-2'),
(3982, 22, 'pasillo', b'1', 3, '9190 2 623 245-2'),
(3983, 23, 'ventana', b'1', 3, '9190 2 623 245-2'),
(3984, 24, 'pasillo', b'1', 3, '9190 2 623 245-2'),
(3985, 25, 'ventana', b'1', 3, '9190 2 623 245-2'),
(3986, 26, 'pasillo', b'1', 3, '9190 2 623 245-2'),
(3987, 27, 'ventana', b'1', 3, '9190 2 623 245-2'),
(3988, 28, 'pasillo', b'1', 3, '9190 2 623 245-2'),
(3989, 29, 'ventana', b'1', 3, '9190 2 623 245-2'),
(3990, 30, 'pasillo', b'1', 3, '9190 2 623 245-2'),
(3991, 31, 'pasillo', b'1', 3, '9190 2 623 245-2'),
(3992, 32, 'ventana', b'1', 3, '9190 2 623 245-2'),
(3993, 33, 'pasillo', b'1', 3, '9190 2 623 245-2'),
(3994, 34, 'ventana', b'1', 3, '9190 2 623 245-2'),
(3995, 35, 'pasillo', b'1', 3, '9190 2 623 245-2'),
(3996, 36, 'ventana', b'1', 3, '9190 2 623 245-2'),
(3997, 37, 'pasillo', b'1', 3, '9190 2 623 245-2'),
(3998, 38, 'ventana', b'1', 3, '9190 2 623 245-2'),
(3999, 39, 'pasillo', b'1', 3, '9190 2 623 245-2'),
(4000, 40, 'ventana', b'1', 3, '9190 2 623 245-2'),
(4001, 41, 'pasillo', b'1', 3, '9190 2 623 245-2'),
(4002, 42, 'ventana', b'1', 3, '9190 2 623 245-2'),
(4003, 43, 'pasillo', b'1', 3, '9190 2 623 245-2'),
(4004, 44, 'ventana', b'1', 3, '9190 2 623 245-2'),
(4005, 45, 'pasillo', b'1', 3, '9190 2 623 245-2'),
(4006, 46, 'ventana', b'1', 3, '9190 2 623 245-2'),
(4007, 47, 'pasillo', b'1', 3, '9190 2 623 245-2'),
(4008, 48, 'ventana', b'1', 3, '9190 2 623 245-2'),
(4009, 49, 'pasillo', b'1', 3, '9190 2 623 245-2'),
(4010, 50, 'ventana', b'1', 3, '9190 2 623 245-2'),
(4011, 51, 'pasillo', b'1', 3, '9190 2 623 245-2'),
(4012, 52, 'ventana', b'1', 3, '9190 2 623 245-2'),
(4013, 53, 'pasillo', b'1', 3, '9190 2 623 245-2'),
(4014, 54, 'ventana', b'1', 3, '9190 2 623 245-2'),
(4015, 55, 'pasillo', b'1', 3, '9190 2 623 245-2'),
(4016, 56, 'ventana', b'1', 3, '9190 2 623 245-2'),
(4017, 57, 'pasillo', b'1', 3, '9190 2 623 245-2'),
(4018, 58, 'ventana', b'1', 3, '9190 2 623 245-2'),
(4019, 59, 'pasillo', b'1', 3, '9190 2 623 245-2'),
(4020, 60, 'ventana', b'1', 3, '9190 2 623 245-2'),
(4021, 1, 'ventana', b'1', 4, '9190 2 623 245-2'),
(4022, 2, 'pasillo', b'1', 4, '9190 2 623 245-2'),
(4023, 3, 'ventana', b'1', 4, '9190 2 623 245-2'),
(4024, 4, 'pasillo', b'1', 4, '9190 2 623 245-2'),
(4025, 5, 'ventana', b'1', 4, '9190 2 623 245-2'),
(4026, 6, 'pasillo', b'1', 4, '9190 2 623 245-2'),
(4027, 7, 'ventana', b'1', 4, '9190 2 623 245-2'),
(4028, 8, 'pasillo', b'1', 4, '9190 2 623 245-2'),
(4029, 9, 'ventana', b'1', 4, '9190 2 623 245-2'),
(4030, 10, 'pasillo', b'1', 4, '9190 2 623 245-2'),
(4031, 11, 'ventana', b'1', 4, '9190 2 623 245-2'),
(4032, 12, 'pasillo', b'1', 4, '9190 2 623 245-2'),
(4033, 13, 'ventana', b'1', 4, '9190 2 623 245-2'),
(4034, 14, 'pasillo', b'1', 4, '9190 2 623 245-2'),
(4035, 15, 'ventana', b'1', 4, '9190 2 623 245-2'),
(4036, 16, 'pasillo', b'1', 4, '9190 2 623 245-2'),
(4037, 17, 'ventana', b'1', 4, '9190 2 623 245-2'),
(4038, 18, 'pasillo', b'1', 4, '9190 2 623 245-2'),
(4039, 19, 'ventana', b'1', 4, '9190 2 623 245-2'),
(4040, 20, 'pasillo', b'1', 4, '9190 2 623 245-2'),
(4041, 21, 'ventana', b'1', 4, '9190 2 623 245-2'),
(4042, 22, 'pasillo', b'1', 4, '9190 2 623 245-2'),
(4043, 23, 'ventana', b'1', 4, '9190 2 623 245-2'),
(4044, 24, 'pasillo', b'1', 4, '9190 2 623 245-2'),
(4045, 25, 'ventana', b'1', 4, '9190 2 623 245-2'),
(4046, 26, 'pasillo', b'1', 4, '9190 2 623 245-2'),
(4047, 27, 'ventana', b'1', 4, '9190 2 623 245-2'),
(4048, 28, 'pasillo', b'1', 4, '9190 2 623 245-2'),
(4049, 29, 'ventana', b'1', 4, '9190 2 623 245-2'),
(4050, 30, 'pasillo', b'1', 4, '9190 2 623 245-2'),
(4051, 31, 'pasillo', b'1', 4, '9190 2 623 245-2'),
(4052, 32, 'ventana', b'1', 4, '9190 2 623 245-2'),
(4053, 33, 'pasillo', b'1', 4, '9190 2 623 245-2'),
(4054, 34, 'ventana', b'1', 4, '9190 2 623 245-2'),
(4055, 35, 'pasillo', b'1', 4, '9190 2 623 245-2'),
(4056, 36, 'ventana', b'1', 4, '9190 2 623 245-2'),
(4057, 37, 'pasillo', b'1', 4, '9190 2 623 245-2'),
(4058, 38, 'ventana', b'1', 4, '9190 2 623 245-2'),
(4059, 39, 'pasillo', b'1', 4, '9190 2 623 245-2'),
(4060, 40, 'ventana', b'1', 4, '9190 2 623 245-2'),
(4061, 41, 'pasillo', b'1', 4, '9190 2 623 245-2'),
(4062, 42, 'ventana', b'1', 4, '9190 2 623 245-2'),
(4063, 43, 'pasillo', b'1', 4, '9190 2 623 245-2'),
(4064, 44, 'ventana', b'1', 4, '9190 2 623 245-2'),
(4065, 45, 'pasillo', b'1', 4, '9190 2 623 245-2'),
(4066, 46, 'ventana', b'1', 4, '9190 2 623 245-2'),
(4067, 47, 'pasillo', b'1', 4, '9190 2 623 245-2'),
(4068, 48, 'ventana', b'1', 4, '9190 2 623 245-2'),
(4069, 49, 'pasillo', b'1', 4, '9190 2 623 245-2'),
(4070, 50, 'ventana', b'1', 4, '9190 2 623 245-2'),
(4071, 51, 'pasillo', b'1', 4, '9190 2 623 245-2'),
(4072, 52, 'ventana', b'1', 4, '9190 2 623 245-2'),
(4073, 53, 'pasillo', b'1', 4, '9190 2 623 245-2'),
(4074, 54, 'ventana', b'1', 4, '9190 2 623 245-2'),
(4075, 55, 'pasillo', b'1', 4, '9190 2 623 245-2'),
(4076, 56, 'ventana', b'1', 4, '9190 2 623 245-2'),
(4077, 57, 'pasillo', b'1', 4, '9190 2 623 245-2'),
(4078, 58, 'ventana', b'1', 4, '9190 2 623 245-2'),
(4079, 59, 'pasillo', b'1', 4, '9190 2 623 245-2'),
(4080, 60, 'ventana', b'1', 4, '9190 2 623 245-2'),
(4081, 1, 'ventana', b'1', 5, '9190 2 623 245-2'),
(4082, 2, 'pasillo', b'1', 5, '9190 2 623 245-2'),
(4083, 3, 'ventana', b'1', 5, '9190 2 623 245-2'),
(4084, 4, 'pasillo', b'1', 5, '9190 2 623 245-2'),
(4085, 5, 'ventana', b'1', 5, '9190 2 623 245-2'),
(4086, 6, 'pasillo', b'1', 5, '9190 2 623 245-2'),
(4087, 7, 'ventana', b'1', 5, '9190 2 623 245-2'),
(4088, 8, 'pasillo', b'1', 5, '9190 2 623 245-2'),
(4089, 9, 'ventana', b'1', 5, '9190 2 623 245-2'),
(4090, 10, 'pasillo', b'1', 5, '9190 2 623 245-2'),
(4091, 11, 'ventana', b'1', 5, '9190 2 623 245-2'),
(4092, 12, 'pasillo', b'1', 5, '9190 2 623 245-2'),
(4093, 13, 'ventana', b'1', 5, '9190 2 623 245-2'),
(4094, 14, 'pasillo', b'1', 5, '9190 2 623 245-2'),
(4095, 15, 'ventana', b'1', 5, '9190 2 623 245-2'),
(4096, 16, 'pasillo', b'1', 5, '9190 2 623 245-2'),
(4097, 17, 'ventana', b'1', 5, '9190 2 623 245-2'),
(4098, 18, 'pasillo', b'1', 5, '9190 2 623 245-2'),
(4099, 19, 'ventana', b'1', 5, '9190 2 623 245-2'),
(4100, 20, 'pasillo', b'1', 5, '9190 2 623 245-2'),
(4101, 21, 'ventana', b'1', 5, '9190 2 623 245-2'),
(4102, 22, 'pasillo', b'1', 5, '9190 2 623 245-2'),
(4103, 23, 'ventana', b'1', 5, '9190 2 623 245-2'),
(4104, 24, 'pasillo', b'1', 5, '9190 2 623 245-2'),
(4105, 25, 'ventana', b'1', 5, '9190 2 623 245-2'),
(4106, 26, 'pasillo', b'1', 5, '9190 2 623 245-2'),
(4107, 27, 'ventana', b'1', 5, '9190 2 623 245-2'),
(4108, 28, 'pasillo', b'1', 5, '9190 2 623 245-2'),
(4109, 29, 'ventana', b'1', 5, '9190 2 623 245-2'),
(4110, 30, 'pasillo', b'1', 5, '9190 2 623 245-2'),
(4111, 31, 'pasillo', b'1', 5, '9190 2 623 245-2'),
(4112, 32, 'ventana', b'1', 5, '9190 2 623 245-2'),
(4113, 33, 'pasillo', b'1', 5, '9190 2 623 245-2'),
(4114, 34, 'ventana', b'1', 5, '9190 2 623 245-2'),
(4115, 35, 'pasillo', b'1', 5, '9190 2 623 245-2'),
(4116, 36, 'ventana', b'1', 5, '9190 2 623 245-2'),
(4117, 37, 'pasillo', b'1', 5, '9190 2 623 245-2'),
(4118, 38, 'ventana', b'1', 5, '9190 2 623 245-2'),
(4119, 39, 'pasillo', b'1', 5, '9190 2 623 245-2'),
(4120, 40, 'ventana', b'1', 5, '9190 2 623 245-2'),
(4121, 41, 'pasillo', b'1', 5, '9190 2 623 245-2'),
(4122, 42, 'ventana', b'1', 5, '9190 2 623 245-2'),
(4123, 43, 'pasillo', b'1', 5, '9190 2 623 245-2'),
(4124, 44, 'ventana', b'1', 5, '9190 2 623 245-2'),
(4125, 45, 'pasillo', b'1', 5, '9190 2 623 245-2'),
(4126, 46, 'ventana', b'1', 5, '9190 2 623 245-2'),
(4127, 47, 'pasillo', b'1', 5, '9190 2 623 245-2'),
(4128, 48, 'ventana', b'1', 5, '9190 2 623 245-2'),
(4129, 49, 'pasillo', b'1', 5, '9190 2 623 245-2'),
(4130, 50, 'ventana', b'1', 5, '9190 2 623 245-2'),
(4131, 51, 'pasillo', b'1', 5, '9190 2 623 245-2'),
(4132, 52, 'ventana', b'1', 5, '9190 2 623 245-2'),
(4133, 53, 'pasillo', b'1', 5, '9190 2 623 245-2'),
(4134, 54, 'ventana', b'1', 5, '9190 2 623 245-2'),
(4135, 55, 'pasillo', b'1', 5, '9190 2 623 245-2'),
(4136, 56, 'ventana', b'1', 5, '9190 2 623 245-2'),
(4137, 57, 'pasillo', b'1', 5, '9190 2 623 245-2'),
(4138, 58, 'ventana', b'1', 5, '9190 2 623 245-2'),
(4139, 59, 'pasillo', b'1', 5, '9190 2 623 245-2'),
(4140, 60, 'ventana', b'1', 5, '9190 2 623 245-2'),
(4141, 1, 'ventana', b'1', 6, '9190 2 623 245-2'),
(4142, 2, 'pasillo', b'1', 6, '9190 2 623 245-2'),
(4143, 3, 'ventana', b'0', 6, '9190 2 623 245-2'),
(4144, 4, 'pasillo', b'0', 6, '9190 2 623 245-2'),
(4145, 5, 'ventana', b'0', 6, '9190 2 623 245-2'),
(4146, 6, 'pasillo', b'0', 6, '9190 2 623 245-2'),
(4147, 7, 'ventana', b'1', 6, '9190 2 623 245-2'),
(4148, 8, 'pasillo', b'1', 6, '9190 2 623 245-2'),
(4149, 9, 'ventana', b'1', 6, '9190 2 623 245-2'),
(4150, 10, 'pasillo', b'1', 6, '9190 2 623 245-2'),
(4151, 11, 'ventana', b'1', 6, '9190 2 623 245-2'),
(4152, 12, 'pasillo', b'1', 6, '9190 2 623 245-2'),
(4153, 13, 'ventana', b'1', 6, '9190 2 623 245-2'),
(4154, 14, 'pasillo', b'1', 6, '9190 2 623 245-2'),
(4155, 15, 'ventana', b'1', 6, '9190 2 623 245-2'),
(4156, 16, 'pasillo', b'1', 6, '9190 2 623 245-2'),
(4157, 17, 'ventana', b'1', 6, '9190 2 623 245-2'),
(4158, 18, 'pasillo', b'1', 6, '9190 2 623 245-2'),
(4159, 19, 'ventana', b'1', 6, '9190 2 623 245-2'),
(4160, 20, 'pasillo', b'1', 6, '9190 2 623 245-2'),
(4161, 21, 'ventana', b'1', 6, '9190 2 623 245-2'),
(4162, 22, 'pasillo', b'1', 6, '9190 2 623 245-2'),
(4163, 23, 'ventana', b'1', 6, '9190 2 623 245-2'),
(4164, 24, 'pasillo', b'1', 6, '9190 2 623 245-2'),
(4165, 25, 'ventana', b'1', 6, '9190 2 623 245-2'),
(4166, 26, 'pasillo', b'1', 6, '9190 2 623 245-2'),
(4167, 27, 'ventana', b'1', 6, '9190 2 623 245-2'),
(4168, 28, 'pasillo', b'1', 6, '9190 2 623 245-2'),
(4169, 29, 'ventana', b'1', 6, '9190 2 623 245-2'),
(4170, 30, 'pasillo', b'1', 6, '9190 2 623 245-2'),
(4171, 31, 'pasillo', b'1', 6, '9190 2 623 245-2'),
(4172, 32, 'ventana', b'1', 6, '9190 2 623 245-2'),
(4173, 33, 'pasillo', b'1', 6, '9190 2 623 245-2'),
(4174, 34, 'ventana', b'1', 6, '9190 2 623 245-2'),
(4175, 35, 'pasillo', b'1', 6, '9190 2 623 245-2'),
(4176, 36, 'ventana', b'1', 6, '9190 2 623 245-2'),
(4177, 37, 'pasillo', b'1', 6, '9190 2 623 245-2'),
(4178, 38, 'ventana', b'1', 6, '9190 2 623 245-2'),
(4179, 39, 'pasillo', b'1', 6, '9190 2 623 245-2'),
(4180, 40, 'ventana', b'1', 6, '9190 2 623 245-2'),
(4181, 41, 'pasillo', b'1', 6, '9190 2 623 245-2'),
(4182, 42, 'ventana', b'1', 6, '9190 2 623 245-2'),
(4183, 43, 'pasillo', b'1', 6, '9190 2 623 245-2'),
(4184, 44, 'ventana', b'1', 6, '9190 2 623 245-2'),
(4185, 45, 'pasillo', b'1', 6, '9190 2 623 245-2'),
(4186, 46, 'ventana', b'1', 6, '9190 2 623 245-2'),
(4187, 47, 'pasillo', b'1', 6, '9190 2 623 245-2'),
(4188, 48, 'ventana', b'1', 6, '9190 2 623 245-2'),
(4189, 49, 'pasillo', b'1', 6, '9190 2 623 245-2'),
(4190, 50, 'ventana', b'1', 6, '9190 2 623 245-2'),
(4191, 51, 'pasillo', b'1', 6, '9190 2 623 245-2'),
(4192, 52, 'ventana', b'1', 6, '9190 2 623 245-2'),
(4193, 53, 'pasillo', b'1', 6, '9190 2 623 245-2'),
(4194, 54, 'ventana', b'1', 6, '9190 2 623 245-2'),
(4195, 55, 'pasillo', b'1', 6, '9190 2 623 245-2'),
(4196, 56, 'ventana', b'1', 6, '9190 2 623 245-2'),
(4197, 57, 'pasillo', b'1', 6, '9190 2 623 245-2'),
(4198, 58, 'ventana', b'1', 6, '9190 2 623 245-2'),
(4199, 59, 'pasillo', b'1', 6, '9190 2 623 245-2'),
(4200, 60, 'ventana', b'1', 6, '9190 2 623 245-2'),
(4201, 1, 'ventana', b'1', 7, '9190 2 623 245-2'),
(4202, 2, 'pasillo', b'1', 7, '9190 2 623 245-2'),
(4203, 3, 'ventana', b'1', 7, '9190 2 623 245-2'),
(4204, 4, 'pasillo', b'1', 7, '9190 2 623 245-2'),
(4205, 5, 'ventana', b'1', 7, '9190 2 623 245-2'),
(4206, 6, 'pasillo', b'1', 7, '9190 2 623 245-2'),
(4207, 7, 'ventana', b'1', 7, '9190 2 623 245-2'),
(4208, 8, 'pasillo', b'1', 7, '9190 2 623 245-2'),
(4209, 9, 'ventana', b'1', 7, '9190 2 623 245-2'),
(4210, 10, 'pasillo', b'1', 7, '9190 2 623 245-2'),
(4211, 11, 'ventana', b'1', 7, '9190 2 623 245-2'),
(4212, 12, 'pasillo', b'1', 7, '9190 2 623 245-2'),
(4213, 13, 'ventana', b'1', 7, '9190 2 623 245-2'),
(4214, 14, 'pasillo', b'1', 7, '9190 2 623 245-2'),
(4215, 15, 'ventana', b'1', 7, '9190 2 623 245-2'),
(4216, 16, 'pasillo', b'1', 7, '9190 2 623 245-2'),
(4217, 17, 'ventana', b'1', 7, '9190 2 623 245-2'),
(4218, 18, 'pasillo', b'1', 7, '9190 2 623 245-2'),
(4219, 19, 'ventana', b'1', 7, '9190 2 623 245-2'),
(4220, 20, 'pasillo', b'1', 7, '9190 2 623 245-2'),
(4221, 21, 'ventana', b'1', 7, '9190 2 623 245-2'),
(4222, 22, 'pasillo', b'1', 7, '9190 2 623 245-2'),
(4223, 23, 'ventana', b'1', 7, '9190 2 623 245-2'),
(4224, 24, 'pasillo', b'1', 7, '9190 2 623 245-2'),
(4225, 25, 'ventana', b'1', 7, '9190 2 623 245-2'),
(4226, 26, 'pasillo', b'1', 7, '9190 2 623 245-2'),
(4227, 27, 'ventana', b'1', 7, '9190 2 623 245-2'),
(4228, 28, 'pasillo', b'1', 7, '9190 2 623 245-2'),
(4229, 29, 'ventana', b'1', 7, '9190 2 623 245-2'),
(4230, 30, 'pasillo', b'1', 7, '9190 2 623 245-2'),
(4231, 31, 'pasillo', b'1', 7, '9190 2 623 245-2'),
(4232, 32, 'ventana', b'1', 7, '9190 2 623 245-2'),
(4233, 33, 'pasillo', b'1', 7, '9190 2 623 245-2'),
(4234, 34, 'ventana', b'1', 7, '9190 2 623 245-2'),
(4235, 35, 'pasillo', b'1', 7, '9190 2 623 245-2'),
(4236, 36, 'ventana', b'1', 7, '9190 2 623 245-2'),
(4237, 37, 'pasillo', b'1', 7, '9190 2 623 245-2'),
(4238, 38, 'ventana', b'1', 7, '9190 2 623 245-2'),
(4239, 39, 'pasillo', b'1', 7, '9190 2 623 245-2'),
(4240, 40, 'ventana', b'1', 7, '9190 2 623 245-2'),
(4241, 41, 'pasillo', b'1', 7, '9190 2 623 245-2'),
(4242, 42, 'ventana', b'1', 7, '9190 2 623 245-2'),
(4243, 43, 'pasillo', b'1', 7, '9190 2 623 245-2'),
(4244, 44, 'ventana', b'1', 7, '9190 2 623 245-2'),
(4245, 45, 'pasillo', b'1', 7, '9190 2 623 245-2'),
(4246, 46, 'ventana', b'1', 7, '9190 2 623 245-2'),
(4247, 47, 'pasillo', b'1', 7, '9190 2 623 245-2'),
(4248, 48, 'ventana', b'1', 7, '9190 2 623 245-2'),
(4249, 49, 'pasillo', b'1', 7, '9190 2 623 245-2'),
(4250, 50, 'ventana', b'1', 7, '9190 2 623 245-2'),
(4251, 51, 'pasillo', b'1', 7, '9190 2 623 245-2'),
(4252, 52, 'ventana', b'1', 7, '9190 2 623 245-2'),
(4253, 53, 'pasillo', b'1', 7, '9190 2 623 245-2'),
(4254, 54, 'ventana', b'1', 7, '9190 2 623 245-2'),
(4255, 55, 'pasillo', b'1', 7, '9190 2 623 245-2'),
(4256, 56, 'ventana', b'1', 7, '9190 2 623 245-2'),
(4257, 57, 'pasillo', b'1', 7, '9190 2 623 245-2'),
(4258, 58, 'ventana', b'1', 7, '9190 2 623 245-2'),
(4259, 59, 'pasillo', b'1', 7, '9190 2 623 245-2'),
(4260, 60, 'ventana', b'1', 7, '9190 2 623 245-2'),
(4261, 1, 'ventana', b'1', 8, '9190 2 623 245-2'),
(4262, 2, 'pasillo', b'1', 8, '9190 2 623 245-2'),
(4263, 3, 'ventana', b'1', 8, '9190 2 623 245-2'),
(4264, 4, 'pasillo', b'1', 8, '9190 2 623 245-2'),
(4265, 5, 'ventana', b'0', 8, '9190 2 623 245-2'),
(4266, 6, 'pasillo', b'0', 8, '9190 2 623 245-2'),
(4267, 7, 'ventana', b'1', 8, '9190 2 623 245-2'),
(4268, 8, 'pasillo', b'1', 8, '9190 2 623 245-2'),
(4269, 9, 'ventana', b'1', 8, '9190 2 623 245-2'),
(4270, 10, 'pasillo', b'1', 8, '9190 2 623 245-2'),
(4271, 11, 'ventana', b'1', 8, '9190 2 623 245-2'),
(4272, 12, 'pasillo', b'1', 8, '9190 2 623 245-2'),
(4273, 13, 'ventana', b'1', 8, '9190 2 623 245-2'),
(4274, 14, 'pasillo', b'1', 8, '9190 2 623 245-2'),
(4275, 15, 'ventana', b'1', 8, '9190 2 623 245-2'),
(4276, 16, 'pasillo', b'1', 8, '9190 2 623 245-2'),
(4277, 17, 'ventana', b'1', 8, '9190 2 623 245-2'),
(4278, 18, 'pasillo', b'1', 8, '9190 2 623 245-2'),
(4279, 19, 'ventana', b'1', 8, '9190 2 623 245-2'),
(4280, 20, 'pasillo', b'1', 8, '9190 2 623 245-2'),
(4281, 21, 'ventana', b'1', 8, '9190 2 623 245-2'),
(4282, 22, 'pasillo', b'1', 8, '9190 2 623 245-2'),
(4283, 23, 'ventana', b'1', 8, '9190 2 623 245-2'),
(4284, 24, 'pasillo', b'1', 8, '9190 2 623 245-2'),
(4285, 25, 'ventana', b'1', 8, '9190 2 623 245-2'),
(4286, 26, 'pasillo', b'1', 8, '9190 2 623 245-2'),
(4287, 27, 'ventana', b'1', 8, '9190 2 623 245-2'),
(4288, 28, 'pasillo', b'1', 8, '9190 2 623 245-2'),
(4289, 29, 'ventana', b'1', 8, '9190 2 623 245-2'),
(4290, 30, 'pasillo', b'1', 8, '9190 2 623 245-2'),
(4291, 31, 'pasillo', b'0', 8, '9190 2 623 245-2'),
(4292, 32, 'ventana', b'0', 8, '9190 2 623 245-2'),
(4293, 33, 'pasillo', b'1', 8, '9190 2 623 245-2'),
(4294, 34, 'ventana', b'1', 8, '9190 2 623 245-2'),
(4295, 35, 'pasillo', b'1', 8, '9190 2 623 245-2'),
(4296, 36, 'ventana', b'1', 8, '9190 2 623 245-2'),
(4297, 37, 'pasillo', b'0', 8, '9190 2 623 245-2'),
(4298, 38, 'ventana', b'0', 8, '9190 2 623 245-2'),
(4299, 39, 'pasillo', b'1', 8, '9190 2 623 245-2'),
(4300, 40, 'ventana', b'1', 8, '9190 2 623 245-2'),
(4301, 41, 'pasillo', b'1', 8, '9190 2 623 245-2'),
(4302, 42, 'ventana', b'1', 8, '9190 2 623 245-2'),
(4303, 43, 'pasillo', b'1', 8, '9190 2 623 245-2'),
(4304, 44, 'ventana', b'1', 8, '9190 2 623 245-2'),
(4305, 45, 'pasillo', b'1', 8, '9190 2 623 245-2'),
(4306, 46, 'ventana', b'1', 8, '9190 2 623 245-2'),
(4307, 47, 'pasillo', b'1', 8, '9190 2 623 245-2'),
(4308, 48, 'ventana', b'1', 8, '9190 2 623 245-2'),
(4309, 49, 'pasillo', b'1', 8, '9190 2 623 245-2'),
(4310, 50, 'ventana', b'1', 8, '9190 2 623 245-2'),
(4311, 51, 'pasillo', b'1', 8, '9190 2 623 245-2'),
(4312, 52, 'ventana', b'1', 8, '9190 2 623 245-2'),
(4313, 53, 'pasillo', b'1', 8, '9190 2 623 245-2'),
(4314, 54, 'ventana', b'1', 8, '9190 2 623 245-2'),
(4315, 55, 'pasillo', b'1', 8, '9190 2 623 245-2'),
(4316, 56, 'ventana', b'1', 8, '9190 2 623 245-2'),
(4317, 57, 'pasillo', b'1', 8, '9190 2 623 245-2'),
(4318, 58, 'ventana', b'1', 8, '9190 2 623 245-2'),
(4319, 59, 'pasillo', b'1', 8, '9190 2 623 245-2'),
(4320, 60, 'ventana', b'1', 8, '9190 2 623 245-2'),
(4321, 1, 'ventana', b'0', 1, '9190 2 623 245-3'),
(4322, 2, 'pasillo', b'0', 1, '9190 2 623 245-3'),
(4323, 3, 'ventana', b'0', 1, '9190 2 623 245-3'),
(4324, 4, 'pasillo', b'0', 1, '9190 2 623 245-3'),
(4325, 5, 'ventana', b'1', 1, '9190 2 623 245-3'),
(4326, 6, 'pasillo', b'1', 1, '9190 2 623 245-3'),
(4327, 7, 'ventana', b'1', 1, '9190 2 623 245-3'),
(4328, 8, 'pasillo', b'1', 1, '9190 2 623 245-3'),
(4329, 9, 'ventana', b'1', 1, '9190 2 623 245-3'),
(4330, 10, 'pasillo', b'1', 1, '9190 2 623 245-3'),
(4331, 11, 'ventana', b'1', 1, '9190 2 623 245-3'),
(4332, 12, 'pasillo', b'1', 1, '9190 2 623 245-3'),
(4333, 13, 'ventana', b'1', 1, '9190 2 623 245-3'),
(4334, 14, 'pasillo', b'1', 1, '9190 2 623 245-3'),
(4335, 15, 'ventana', b'1', 1, '9190 2 623 245-3'),
(4336, 16, 'pasillo', b'1', 1, '9190 2 623 245-3'),
(4337, 17, 'ventana', b'1', 1, '9190 2 623 245-3'),
(4338, 18, 'pasillo', b'1', 1, '9190 2 623 245-3'),
(4339, 19, 'ventana', b'1', 1, '9190 2 623 245-3'),
(4340, 20, 'pasillo', b'1', 1, '9190 2 623 245-3'),
(4341, 21, 'ventana', b'1', 1, '9190 2 623 245-3'),
(4342, 22, 'pasillo', b'1', 1, '9190 2 623 245-3'),
(4343, 23, 'ventana', b'1', 1, '9190 2 623 245-3'),
(4344, 24, 'pasillo', b'1', 1, '9190 2 623 245-3'),
(4345, 25, 'ventana', b'1', 1, '9190 2 623 245-3'),
(4346, 26, 'pasillo', b'1', 1, '9190 2 623 245-3'),
(4347, 27, 'ventana', b'1', 1, '9190 2 623 245-3'),
(4348, 28, 'pasillo', b'1', 1, '9190 2 623 245-3'),
(4349, 29, 'ventana', b'1', 1, '9190 2 623 245-3'),
(4350, 30, 'pasillo', b'1', 1, '9190 2 623 245-3'),
(4351, 31, 'pasillo', b'1', 1, '9190 2 623 245-3'),
(4352, 32, 'ventana', b'1', 1, '9190 2 623 245-3'),
(4353, 33, 'pasillo', b'1', 1, '9190 2 623 245-3'),
(4354, 34, 'ventana', b'1', 1, '9190 2 623 245-3'),
(4355, 35, 'pasillo', b'1', 1, '9190 2 623 245-3'),
(4356, 36, 'ventana', b'1', 1, '9190 2 623 245-3'),
(4357, 37, 'pasillo', b'1', 1, '9190 2 623 245-3'),
(4358, 38, 'ventana', b'1', 1, '9190 2 623 245-3'),
(4359, 39, 'pasillo', b'1', 1, '9190 2 623 245-3'),
(4360, 40, 'ventana', b'1', 1, '9190 2 623 245-3');
INSERT INTO `asientos` (`cod_asiento`, `nro_Asiento`, `tipo_Asiento`, `disponible`, `nro_Vagon`, `matri_tren`) VALUES
(4361, 41, 'pasillo', b'1', 1, '9190 2 623 245-3'),
(4362, 42, 'ventana', b'1', 1, '9190 2 623 245-3'),
(4363, 43, 'pasillo', b'1', 1, '9190 2 623 245-3'),
(4364, 44, 'ventana', b'1', 1, '9190 2 623 245-3'),
(4365, 45, 'pasillo', b'1', 1, '9190 2 623 245-3'),
(4366, 46, 'ventana', b'1', 1, '9190 2 623 245-3'),
(4367, 47, 'pasillo', b'1', 1, '9190 2 623 245-3'),
(4368, 48, 'ventana', b'1', 1, '9190 2 623 245-3'),
(4369, 49, 'pasillo', b'1', 1, '9190 2 623 245-3'),
(4370, 50, 'ventana', b'1', 1, '9190 2 623 245-3'),
(4371, 51, 'pasillo', b'1', 1, '9190 2 623 245-3'),
(4372, 52, 'ventana', b'1', 1, '9190 2 623 245-3'),
(4373, 53, 'pasillo', b'1', 1, '9190 2 623 245-3'),
(4374, 54, 'ventana', b'1', 1, '9190 2 623 245-3'),
(4375, 55, 'pasillo', b'1', 1, '9190 2 623 245-3'),
(4376, 56, 'ventana', b'1', 1, '9190 2 623 245-3'),
(4377, 57, 'pasillo', b'1', 1, '9190 2 623 245-3'),
(4378, 58, 'ventana', b'1', 1, '9190 2 623 245-3'),
(4379, 59, 'pasillo', b'1', 1, '9190 2 623 245-3'),
(4380, 60, 'ventana', b'1', 1, '9190 2 623 245-3'),
(4381, 1, 'ventana', b'1', 2, '9190 2 623 245-3'),
(4382, 2, 'pasillo', b'1', 2, '9190 2 623 245-3'),
(4383, 3, 'ventana', b'1', 2, '9190 2 623 245-3'),
(4384, 4, 'pasillo', b'1', 2, '9190 2 623 245-3'),
(4385, 5, 'ventana', b'1', 2, '9190 2 623 245-3'),
(4386, 6, 'pasillo', b'1', 2, '9190 2 623 245-3'),
(4387, 7, 'ventana', b'1', 2, '9190 2 623 245-3'),
(4388, 8, 'pasillo', b'1', 2, '9190 2 623 245-3'),
(4389, 9, 'ventana', b'1', 2, '9190 2 623 245-3'),
(4390, 10, 'pasillo', b'1', 2, '9190 2 623 245-3'),
(4391, 11, 'ventana', b'1', 2, '9190 2 623 245-3'),
(4392, 12, 'pasillo', b'1', 2, '9190 2 623 245-3'),
(4393, 13, 'ventana', b'1', 2, '9190 2 623 245-3'),
(4394, 14, 'pasillo', b'1', 2, '9190 2 623 245-3'),
(4395, 15, 'ventana', b'1', 2, '9190 2 623 245-3'),
(4396, 16, 'pasillo', b'1', 2, '9190 2 623 245-3'),
(4397, 17, 'ventana', b'1', 2, '9190 2 623 245-3'),
(4398, 18, 'pasillo', b'1', 2, '9190 2 623 245-3'),
(4399, 19, 'ventana', b'1', 2, '9190 2 623 245-3'),
(4400, 20, 'pasillo', b'1', 2, '9190 2 623 245-3'),
(4401, 21, 'ventana', b'1', 2, '9190 2 623 245-3'),
(4402, 22, 'pasillo', b'1', 2, '9190 2 623 245-3'),
(4403, 23, 'ventana', b'1', 2, '9190 2 623 245-3'),
(4404, 24, 'pasillo', b'1', 2, '9190 2 623 245-3'),
(4405, 25, 'ventana', b'1', 2, '9190 2 623 245-3'),
(4406, 26, 'pasillo', b'1', 2, '9190 2 623 245-3'),
(4407, 27, 'ventana', b'1', 2, '9190 2 623 245-3'),
(4408, 28, 'pasillo', b'1', 2, '9190 2 623 245-3'),
(4409, 29, 'ventana', b'1', 2, '9190 2 623 245-3'),
(4410, 30, 'pasillo', b'1', 2, '9190 2 623 245-3'),
(4411, 31, 'pasillo', b'1', 2, '9190 2 623 245-3'),
(4412, 32, 'ventana', b'1', 2, '9190 2 623 245-3'),
(4413, 33, 'pasillo', b'1', 2, '9190 2 623 245-3'),
(4414, 34, 'ventana', b'1', 2, '9190 2 623 245-3'),
(4415, 35, 'pasillo', b'1', 2, '9190 2 623 245-3'),
(4416, 36, 'ventana', b'1', 2, '9190 2 623 245-3'),
(4417, 37, 'pasillo', b'1', 2, '9190 2 623 245-3'),
(4418, 38, 'ventana', b'1', 2, '9190 2 623 245-3'),
(4419, 39, 'pasillo', b'1', 2, '9190 2 623 245-3'),
(4420, 40, 'ventana', b'1', 2, '9190 2 623 245-3'),
(4421, 41, 'pasillo', b'1', 2, '9190 2 623 245-3'),
(4422, 42, 'ventana', b'1', 2, '9190 2 623 245-3'),
(4423, 43, 'pasillo', b'1', 2, '9190 2 623 245-3'),
(4424, 44, 'ventana', b'1', 2, '9190 2 623 245-3'),
(4425, 45, 'pasillo', b'1', 2, '9190 2 623 245-3'),
(4426, 46, 'ventana', b'1', 2, '9190 2 623 245-3'),
(4427, 47, 'pasillo', b'1', 2, '9190 2 623 245-3'),
(4428, 48, 'ventana', b'1', 2, '9190 2 623 245-3'),
(4429, 49, 'pasillo', b'1', 2, '9190 2 623 245-3'),
(4430, 50, 'ventana', b'1', 2, '9190 2 623 245-3'),
(4431, 51, 'pasillo', b'1', 2, '9190 2 623 245-3'),
(4432, 52, 'ventana', b'1', 2, '9190 2 623 245-3'),
(4433, 53, 'pasillo', b'1', 2, '9190 2 623 245-3'),
(4434, 54, 'ventana', b'1', 2, '9190 2 623 245-3'),
(4435, 55, 'pasillo', b'1', 2, '9190 2 623 245-3'),
(4436, 56, 'ventana', b'1', 2, '9190 2 623 245-3'),
(4437, 57, 'pasillo', b'1', 2, '9190 2 623 245-3'),
(4438, 58, 'ventana', b'1', 2, '9190 2 623 245-3'),
(4439, 59, 'pasillo', b'1', 2, '9190 2 623 245-3'),
(4440, 60, 'ventana', b'1', 2, '9190 2 623 245-3'),
(4441, 1, 'ventana', b'1', 3, '9190 2 623 245-3'),
(4442, 2, 'pasillo', b'1', 3, '9190 2 623 245-3'),
(4443, 3, 'ventana', b'1', 3, '9190 2 623 245-3'),
(4444, 4, 'pasillo', b'1', 3, '9190 2 623 245-3'),
(4445, 5, 'ventana', b'1', 3, '9190 2 623 245-3'),
(4446, 6, 'pasillo', b'1', 3, '9190 2 623 245-3'),
(4447, 7, 'ventana', b'1', 3, '9190 2 623 245-3'),
(4448, 8, 'pasillo', b'1', 3, '9190 2 623 245-3'),
(4449, 9, 'ventana', b'1', 3, '9190 2 623 245-3'),
(4450, 10, 'pasillo', b'1', 3, '9190 2 623 245-3'),
(4451, 11, 'ventana', b'1', 3, '9190 2 623 245-3'),
(4452, 12, 'pasillo', b'1', 3, '9190 2 623 245-3'),
(4453, 13, 'ventana', b'1', 3, '9190 2 623 245-3'),
(4454, 14, 'pasillo', b'1', 3, '9190 2 623 245-3'),
(4455, 15, 'ventana', b'1', 3, '9190 2 623 245-3'),
(4456, 16, 'pasillo', b'1', 3, '9190 2 623 245-3'),
(4457, 17, 'ventana', b'1', 3, '9190 2 623 245-3'),
(4458, 18, 'pasillo', b'1', 3, '9190 2 623 245-3'),
(4459, 19, 'ventana', b'1', 3, '9190 2 623 245-3'),
(4460, 20, 'pasillo', b'1', 3, '9190 2 623 245-3'),
(4461, 21, 'ventana', b'1', 3, '9190 2 623 245-3'),
(4462, 22, 'pasillo', b'1', 3, '9190 2 623 245-3'),
(4463, 23, 'ventana', b'1', 3, '9190 2 623 245-3'),
(4464, 24, 'pasillo', b'1', 3, '9190 2 623 245-3'),
(4465, 25, 'ventana', b'1', 3, '9190 2 623 245-3'),
(4466, 26, 'pasillo', b'1', 3, '9190 2 623 245-3'),
(4467, 27, 'ventana', b'1', 3, '9190 2 623 245-3'),
(4468, 28, 'pasillo', b'1', 3, '9190 2 623 245-3'),
(4469, 29, 'ventana', b'1', 3, '9190 2 623 245-3'),
(4470, 30, 'pasillo', b'1', 3, '9190 2 623 245-3'),
(4471, 31, 'pasillo', b'1', 3, '9190 2 623 245-3'),
(4472, 32, 'ventana', b'1', 3, '9190 2 623 245-3'),
(4473, 33, 'pasillo', b'1', 3, '9190 2 623 245-3'),
(4474, 34, 'ventana', b'1', 3, '9190 2 623 245-3'),
(4475, 35, 'pasillo', b'1', 3, '9190 2 623 245-3'),
(4476, 36, 'ventana', b'1', 3, '9190 2 623 245-3'),
(4477, 37, 'pasillo', b'1', 3, '9190 2 623 245-3'),
(4478, 38, 'ventana', b'1', 3, '9190 2 623 245-3'),
(4479, 39, 'pasillo', b'1', 3, '9190 2 623 245-3'),
(4480, 40, 'ventana', b'1', 3, '9190 2 623 245-3'),
(4481, 41, 'pasillo', b'1', 3, '9190 2 623 245-3'),
(4482, 42, 'ventana', b'1', 3, '9190 2 623 245-3'),
(4483, 43, 'pasillo', b'1', 3, '9190 2 623 245-3'),
(4484, 44, 'ventana', b'1', 3, '9190 2 623 245-3'),
(4485, 45, 'pasillo', b'1', 3, '9190 2 623 245-3'),
(4486, 46, 'ventana', b'1', 3, '9190 2 623 245-3'),
(4487, 47, 'pasillo', b'1', 3, '9190 2 623 245-3'),
(4488, 48, 'ventana', b'1', 3, '9190 2 623 245-3'),
(4489, 49, 'pasillo', b'1', 3, '9190 2 623 245-3'),
(4490, 50, 'ventana', b'1', 3, '9190 2 623 245-3'),
(4491, 51, 'pasillo', b'1', 3, '9190 2 623 245-3'),
(4492, 52, 'ventana', b'1', 3, '9190 2 623 245-3'),
(4493, 53, 'pasillo', b'1', 3, '9190 2 623 245-3'),
(4494, 54, 'ventana', b'1', 3, '9190 2 623 245-3'),
(4495, 55, 'pasillo', b'1', 3, '9190 2 623 245-3'),
(4496, 56, 'ventana', b'1', 3, '9190 2 623 245-3'),
(4497, 57, 'pasillo', b'1', 3, '9190 2 623 245-3'),
(4498, 58, 'ventana', b'1', 3, '9190 2 623 245-3'),
(4499, 59, 'pasillo', b'1', 3, '9190 2 623 245-3'),
(4500, 60, 'ventana', b'1', 3, '9190 2 623 245-3'),
(4501, 1, 'ventana', b'1', 4, '9190 2 623 245-3'),
(4502, 2, 'pasillo', b'1', 4, '9190 2 623 245-3'),
(4503, 3, 'ventana', b'1', 4, '9190 2 623 245-3'),
(4504, 4, 'pasillo', b'1', 4, '9190 2 623 245-3'),
(4505, 5, 'ventana', b'1', 4, '9190 2 623 245-3'),
(4506, 6, 'pasillo', b'1', 4, '9190 2 623 245-3'),
(4507, 7, 'ventana', b'1', 4, '9190 2 623 245-3'),
(4508, 8, 'pasillo', b'1', 4, '9190 2 623 245-3'),
(4509, 9, 'ventana', b'1', 4, '9190 2 623 245-3'),
(4510, 10, 'pasillo', b'1', 4, '9190 2 623 245-3'),
(4511, 11, 'ventana', b'1', 4, '9190 2 623 245-3'),
(4512, 12, 'pasillo', b'1', 4, '9190 2 623 245-3'),
(4513, 13, 'ventana', b'1', 4, '9190 2 623 245-3'),
(4514, 14, 'pasillo', b'1', 4, '9190 2 623 245-3'),
(4515, 15, 'ventana', b'1', 4, '9190 2 623 245-3'),
(4516, 16, 'pasillo', b'1', 4, '9190 2 623 245-3'),
(4517, 17, 'ventana', b'0', 4, '9190 2 623 245-3'),
(4518, 18, 'pasillo', b'0', 4, '9190 2 623 245-3'),
(4519, 19, 'ventana', b'0', 4, '9190 2 623 245-3'),
(4520, 20, 'pasillo', b'0', 4, '9190 2 623 245-3'),
(4521, 21, 'ventana', b'1', 4, '9190 2 623 245-3'),
(4522, 22, 'pasillo', b'1', 4, '9190 2 623 245-3'),
(4523, 23, 'ventana', b'1', 4, '9190 2 623 245-3'),
(4524, 24, 'pasillo', b'1', 4, '9190 2 623 245-3'),
(4525, 25, 'ventana', b'1', 4, '9190 2 623 245-3'),
(4526, 26, 'pasillo', b'1', 4, '9190 2 623 245-3'),
(4527, 27, 'ventana', b'1', 4, '9190 2 623 245-3'),
(4528, 28, 'pasillo', b'1', 4, '9190 2 623 245-3'),
(4529, 29, 'ventana', b'1', 4, '9190 2 623 245-3'),
(4530, 30, 'pasillo', b'1', 4, '9190 2 623 245-3'),
(4531, 31, 'pasillo', b'0', 4, '9190 2 623 245-3'),
(4532, 32, 'ventana', b'0', 4, '9190 2 623 245-3'),
(4533, 33, 'pasillo', b'0', 4, '9190 2 623 245-3'),
(4534, 34, 'ventana', b'0', 4, '9190 2 623 245-3'),
(4535, 35, 'pasillo', b'1', 4, '9190 2 623 245-3'),
(4536, 36, 'ventana', b'1', 4, '9190 2 623 245-3'),
(4537, 37, 'pasillo', b'1', 4, '9190 2 623 245-3'),
(4538, 38, 'ventana', b'1', 4, '9190 2 623 245-3'),
(4539, 39, 'pasillo', b'1', 4, '9190 2 623 245-3'),
(4540, 40, 'ventana', b'1', 4, '9190 2 623 245-3'),
(4541, 41, 'pasillo', b'1', 4, '9190 2 623 245-3'),
(4542, 42, 'ventana', b'1', 4, '9190 2 623 245-3'),
(4543, 43, 'pasillo', b'1', 4, '9190 2 623 245-3'),
(4544, 44, 'ventana', b'1', 4, '9190 2 623 245-3'),
(4545, 45, 'pasillo', b'1', 4, '9190 2 623 245-3'),
(4546, 46, 'ventana', b'1', 4, '9190 2 623 245-3'),
(4547, 47, 'pasillo', b'1', 4, '9190 2 623 245-3'),
(4548, 48, 'ventana', b'1', 4, '9190 2 623 245-3'),
(4549, 49, 'pasillo', b'1', 4, '9190 2 623 245-3'),
(4550, 50, 'ventana', b'1', 4, '9190 2 623 245-3'),
(4551, 51, 'pasillo', b'1', 4, '9190 2 623 245-3'),
(4552, 52, 'ventana', b'1', 4, '9190 2 623 245-3'),
(4553, 53, 'pasillo', b'1', 4, '9190 2 623 245-3'),
(4554, 54, 'ventana', b'1', 4, '9190 2 623 245-3'),
(4555, 55, 'pasillo', b'1', 4, '9190 2 623 245-3'),
(4556, 56, 'ventana', b'1', 4, '9190 2 623 245-3'),
(4557, 57, 'pasillo', b'1', 4, '9190 2 623 245-3'),
(4558, 58, 'ventana', b'1', 4, '9190 2 623 245-3'),
(4559, 59, 'pasillo', b'1', 4, '9190 2 623 245-3'),
(4560, 60, 'ventana', b'1', 4, '9190 2 623 245-3'),
(4561, 1, 'ventana', b'1', 5, '9190 2 623 245-3'),
(4562, 2, 'pasillo', b'1', 5, '9190 2 623 245-3'),
(4563, 3, 'ventana', b'1', 5, '9190 2 623 245-3'),
(4564, 4, 'pasillo', b'1', 5, '9190 2 623 245-3'),
(4565, 5, 'ventana', b'1', 5, '9190 2 623 245-3'),
(4566, 6, 'pasillo', b'1', 5, '9190 2 623 245-3'),
(4567, 7, 'ventana', b'1', 5, '9190 2 623 245-3'),
(4568, 8, 'pasillo', b'1', 5, '9190 2 623 245-3'),
(4569, 9, 'ventana', b'1', 5, '9190 2 623 245-3'),
(4570, 10, 'pasillo', b'1', 5, '9190 2 623 245-3'),
(4571, 11, 'ventana', b'1', 5, '9190 2 623 245-3'),
(4572, 12, 'pasillo', b'1', 5, '9190 2 623 245-3'),
(4573, 13, 'ventana', b'1', 5, '9190 2 623 245-3'),
(4574, 14, 'pasillo', b'1', 5, '9190 2 623 245-3'),
(4575, 15, 'ventana', b'1', 5, '9190 2 623 245-3'),
(4576, 16, 'pasillo', b'1', 5, '9190 2 623 245-3'),
(4577, 17, 'ventana', b'1', 5, '9190 2 623 245-3'),
(4578, 18, 'pasillo', b'1', 5, '9190 2 623 245-3'),
(4579, 19, 'ventana', b'1', 5, '9190 2 623 245-3'),
(4580, 20, 'pasillo', b'1', 5, '9190 2 623 245-3'),
(4581, 21, 'ventana', b'1', 5, '9190 2 623 245-3'),
(4582, 22, 'pasillo', b'1', 5, '9190 2 623 245-3'),
(4583, 23, 'ventana', b'1', 5, '9190 2 623 245-3'),
(4584, 24, 'pasillo', b'1', 5, '9190 2 623 245-3'),
(4585, 25, 'ventana', b'1', 5, '9190 2 623 245-3'),
(4586, 26, 'pasillo', b'1', 5, '9190 2 623 245-3'),
(4587, 27, 'ventana', b'1', 5, '9190 2 623 245-3'),
(4588, 28, 'pasillo', b'1', 5, '9190 2 623 245-3'),
(4589, 29, 'ventana', b'1', 5, '9190 2 623 245-3'),
(4590, 30, 'pasillo', b'1', 5, '9190 2 623 245-3'),
(4591, 31, 'pasillo', b'1', 5, '9190 2 623 245-3'),
(4592, 32, 'ventana', b'1', 5, '9190 2 623 245-3'),
(4593, 33, 'pasillo', b'1', 5, '9190 2 623 245-3'),
(4594, 34, 'ventana', b'1', 5, '9190 2 623 245-3'),
(4595, 35, 'pasillo', b'1', 5, '9190 2 623 245-3'),
(4596, 36, 'ventana', b'1', 5, '9190 2 623 245-3'),
(4597, 37, 'pasillo', b'1', 5, '9190 2 623 245-3'),
(4598, 38, 'ventana', b'1', 5, '9190 2 623 245-3'),
(4599, 39, 'pasillo', b'1', 5, '9190 2 623 245-3'),
(4600, 40, 'ventana', b'1', 5, '9190 2 623 245-3'),
(4601, 41, 'pasillo', b'1', 5, '9190 2 623 245-3'),
(4602, 42, 'ventana', b'1', 5, '9190 2 623 245-3'),
(4603, 43, 'pasillo', b'1', 5, '9190 2 623 245-3'),
(4604, 44, 'ventana', b'1', 5, '9190 2 623 245-3'),
(4605, 45, 'pasillo', b'1', 5, '9190 2 623 245-3'),
(4606, 46, 'ventana', b'1', 5, '9190 2 623 245-3'),
(4607, 47, 'pasillo', b'1', 5, '9190 2 623 245-3'),
(4608, 48, 'ventana', b'1', 5, '9190 2 623 245-3'),
(4609, 49, 'pasillo', b'1', 5, '9190 2 623 245-3'),
(4610, 50, 'ventana', b'1', 5, '9190 2 623 245-3'),
(4611, 51, 'pasillo', b'1', 5, '9190 2 623 245-3'),
(4612, 52, 'ventana', b'1', 5, '9190 2 623 245-3'),
(4613, 53, 'pasillo', b'1', 5, '9190 2 623 245-3'),
(4614, 54, 'ventana', b'1', 5, '9190 2 623 245-3'),
(4615, 55, 'pasillo', b'1', 5, '9190 2 623 245-3'),
(4616, 56, 'ventana', b'1', 5, '9190 2 623 245-3'),
(4617, 57, 'pasillo', b'1', 5, '9190 2 623 245-3'),
(4618, 58, 'ventana', b'1', 5, '9190 2 623 245-3'),
(4619, 59, 'pasillo', b'1', 5, '9190 2 623 245-3'),
(4620, 60, 'ventana', b'1', 5, '9190 2 623 245-3'),
(4621, 1, 'ventana', b'1', 6, '9190 2 623 245-3'),
(4622, 2, 'pasillo', b'1', 6, '9190 2 623 245-3'),
(4623, 3, 'ventana', b'1', 6, '9190 2 623 245-3'),
(4624, 4, 'pasillo', b'1', 6, '9190 2 623 245-3'),
(4625, 5, 'ventana', b'1', 6, '9190 2 623 245-3'),
(4626, 6, 'pasillo', b'1', 6, '9190 2 623 245-3'),
(4627, 7, 'ventana', b'1', 6, '9190 2 623 245-3'),
(4628, 8, 'pasillo', b'1', 6, '9190 2 623 245-3'),
(4629, 9, 'ventana', b'1', 6, '9190 2 623 245-3'),
(4630, 10, 'pasillo', b'1', 6, '9190 2 623 245-3'),
(4631, 11, 'ventana', b'1', 6, '9190 2 623 245-3'),
(4632, 12, 'pasillo', b'1', 6, '9190 2 623 245-3'),
(4633, 13, 'ventana', b'1', 6, '9190 2 623 245-3'),
(4634, 14, 'pasillo', b'1', 6, '9190 2 623 245-3'),
(4635, 15, 'ventana', b'1', 6, '9190 2 623 245-3'),
(4636, 16, 'pasillo', b'1', 6, '9190 2 623 245-3'),
(4637, 17, 'ventana', b'1', 6, '9190 2 623 245-3'),
(4638, 18, 'pasillo', b'1', 6, '9190 2 623 245-3'),
(4639, 19, 'ventana', b'1', 6, '9190 2 623 245-3'),
(4640, 20, 'pasillo', b'1', 6, '9190 2 623 245-3'),
(4641, 21, 'ventana', b'1', 6, '9190 2 623 245-3'),
(4642, 22, 'pasillo', b'1', 6, '9190 2 623 245-3'),
(4643, 23, 'ventana', b'1', 6, '9190 2 623 245-3'),
(4644, 24, 'pasillo', b'1', 6, '9190 2 623 245-3'),
(4645, 25, 'ventana', b'1', 6, '9190 2 623 245-3'),
(4646, 26, 'pasillo', b'1', 6, '9190 2 623 245-3'),
(4647, 27, 'ventana', b'1', 6, '9190 2 623 245-3'),
(4648, 28, 'pasillo', b'1', 6, '9190 2 623 245-3'),
(4649, 29, 'ventana', b'1', 6, '9190 2 623 245-3'),
(4650, 30, 'pasillo', b'1', 6, '9190 2 623 245-3'),
(4651, 31, 'pasillo', b'1', 6, '9190 2 623 245-3'),
(4652, 32, 'ventana', b'1', 6, '9190 2 623 245-3'),
(4653, 33, 'pasillo', b'1', 6, '9190 2 623 245-3'),
(4654, 34, 'ventana', b'1', 6, '9190 2 623 245-3'),
(4655, 35, 'pasillo', b'1', 6, '9190 2 623 245-3'),
(4656, 36, 'ventana', b'1', 6, '9190 2 623 245-3'),
(4657, 37, 'pasillo', b'1', 6, '9190 2 623 245-3'),
(4658, 38, 'ventana', b'1', 6, '9190 2 623 245-3'),
(4659, 39, 'pasillo', b'1', 6, '9190 2 623 245-3'),
(4660, 40, 'ventana', b'1', 6, '9190 2 623 245-3'),
(4661, 41, 'pasillo', b'1', 6, '9190 2 623 245-3'),
(4662, 42, 'ventana', b'1', 6, '9190 2 623 245-3'),
(4663, 43, 'pasillo', b'1', 6, '9190 2 623 245-3'),
(4664, 44, 'ventana', b'1', 6, '9190 2 623 245-3'),
(4665, 45, 'pasillo', b'1', 6, '9190 2 623 245-3'),
(4666, 46, 'ventana', b'1', 6, '9190 2 623 245-3'),
(4667, 47, 'pasillo', b'1', 6, '9190 2 623 245-3'),
(4668, 48, 'ventana', b'1', 6, '9190 2 623 245-3'),
(4669, 49, 'pasillo', b'1', 6, '9190 2 623 245-3'),
(4670, 50, 'ventana', b'1', 6, '9190 2 623 245-3'),
(4671, 51, 'pasillo', b'1', 6, '9190 2 623 245-3'),
(4672, 52, 'ventana', b'1', 6, '9190 2 623 245-3'),
(4673, 53, 'pasillo', b'1', 6, '9190 2 623 245-3'),
(4674, 54, 'ventana', b'1', 6, '9190 2 623 245-3'),
(4675, 55, 'pasillo', b'1', 6, '9190 2 623 245-3'),
(4676, 56, 'ventana', b'1', 6, '9190 2 623 245-3'),
(4677, 57, 'pasillo', b'1', 6, '9190 2 623 245-3'),
(4678, 58, 'ventana', b'1', 6, '9190 2 623 245-3'),
(4679, 59, 'pasillo', b'1', 6, '9190 2 623 245-3'),
(4680, 60, 'ventana', b'1', 6, '9190 2 623 245-3'),
(4681, 1, 'ventana', b'1', 7, '9190 2 623 245-3'),
(4682, 2, 'pasillo', b'1', 7, '9190 2 623 245-3'),
(4683, 3, 'ventana', b'1', 7, '9190 2 623 245-3'),
(4684, 4, 'pasillo', b'1', 7, '9190 2 623 245-3'),
(4685, 5, 'ventana', b'1', 7, '9190 2 623 245-3'),
(4686, 6, 'pasillo', b'1', 7, '9190 2 623 245-3'),
(4687, 7, 'ventana', b'1', 7, '9190 2 623 245-3'),
(4688, 8, 'pasillo', b'1', 7, '9190 2 623 245-3'),
(4689, 9, 'ventana', b'1', 7, '9190 2 623 245-3'),
(4690, 10, 'pasillo', b'1', 7, '9190 2 623 245-3'),
(4691, 11, 'ventana', b'1', 7, '9190 2 623 245-3'),
(4692, 12, 'pasillo', b'1', 7, '9190 2 623 245-3'),
(4693, 13, 'ventana', b'1', 7, '9190 2 623 245-3'),
(4694, 14, 'pasillo', b'1', 7, '9190 2 623 245-3'),
(4695, 15, 'ventana', b'1', 7, '9190 2 623 245-3'),
(4696, 16, 'pasillo', b'1', 7, '9190 2 623 245-3'),
(4697, 17, 'ventana', b'1', 7, '9190 2 623 245-3'),
(4698, 18, 'pasillo', b'1', 7, '9190 2 623 245-3'),
(4699, 19, 'ventana', b'1', 7, '9190 2 623 245-3'),
(4700, 20, 'pasillo', b'1', 7, '9190 2 623 245-3'),
(4701, 21, 'ventana', b'1', 7, '9190 2 623 245-3'),
(4702, 22, 'pasillo', b'1', 7, '9190 2 623 245-3'),
(4703, 23, 'ventana', b'1', 7, '9190 2 623 245-3'),
(4704, 24, 'pasillo', b'1', 7, '9190 2 623 245-3'),
(4705, 25, 'ventana', b'1', 7, '9190 2 623 245-3'),
(4706, 26, 'pasillo', b'1', 7, '9190 2 623 245-3'),
(4707, 27, 'ventana', b'1', 7, '9190 2 623 245-3'),
(4708, 28, 'pasillo', b'1', 7, '9190 2 623 245-3'),
(4709, 29, 'ventana', b'1', 7, '9190 2 623 245-3'),
(4710, 30, 'pasillo', b'1', 7, '9190 2 623 245-3'),
(4711, 31, 'pasillo', b'1', 7, '9190 2 623 245-3'),
(4712, 32, 'ventana', b'1', 7, '9190 2 623 245-3'),
(4713, 33, 'pasillo', b'1', 7, '9190 2 623 245-3'),
(4714, 34, 'ventana', b'1', 7, '9190 2 623 245-3'),
(4715, 35, 'pasillo', b'1', 7, '9190 2 623 245-3'),
(4716, 36, 'ventana', b'1', 7, '9190 2 623 245-3'),
(4717, 37, 'pasillo', b'1', 7, '9190 2 623 245-3'),
(4718, 38, 'ventana', b'1', 7, '9190 2 623 245-3'),
(4719, 39, 'pasillo', b'1', 7, '9190 2 623 245-3'),
(4720, 40, 'ventana', b'1', 7, '9190 2 623 245-3'),
(4721, 41, 'pasillo', b'1', 7, '9190 2 623 245-3'),
(4722, 42, 'ventana', b'1', 7, '9190 2 623 245-3'),
(4723, 43, 'pasillo', b'1', 7, '9190 2 623 245-3'),
(4724, 44, 'ventana', b'1', 7, '9190 2 623 245-3'),
(4725, 45, 'pasillo', b'1', 7, '9190 2 623 245-3'),
(4726, 46, 'ventana', b'1', 7, '9190 2 623 245-3'),
(4727, 47, 'pasillo', b'1', 7, '9190 2 623 245-3'),
(4728, 48, 'ventana', b'1', 7, '9190 2 623 245-3'),
(4729, 49, 'pasillo', b'1', 7, '9190 2 623 245-3'),
(4730, 50, 'ventana', b'1', 7, '9190 2 623 245-3'),
(4731, 51, 'pasillo', b'1', 7, '9190 2 623 245-3'),
(4732, 52, 'ventana', b'1', 7, '9190 2 623 245-3'),
(4733, 53, 'pasillo', b'1', 7, '9190 2 623 245-3'),
(4734, 54, 'ventana', b'1', 7, '9190 2 623 245-3'),
(4735, 55, 'pasillo', b'1', 7, '9190 2 623 245-3'),
(4736, 56, 'ventana', b'1', 7, '9190 2 623 245-3'),
(4737, 57, 'pasillo', b'1', 7, '9190 2 623 245-3'),
(4738, 58, 'ventana', b'1', 7, '9190 2 623 245-3'),
(4739, 59, 'pasillo', b'1', 7, '9190 2 623 245-3'),
(4740, 60, 'ventana', b'1', 7, '9190 2 623 245-3'),
(4741, 1, 'ventana', b'1', 8, '9190 2 623 245-3'),
(4742, 2, 'pasillo', b'1', 8, '9190 2 623 245-3'),
(4743, 3, 'ventana', b'1', 8, '9190 2 623 245-3'),
(4744, 4, 'pasillo', b'1', 8, '9190 2 623 245-3'),
(4745, 5, 'ventana', b'1', 8, '9190 2 623 245-3'),
(4746, 6, 'pasillo', b'1', 8, '9190 2 623 245-3'),
(4747, 7, 'ventana', b'0', 8, '9190 2 623 245-3'),
(4748, 8, 'pasillo', b'0', 8, '9190 2 623 245-3'),
(4749, 9, 'ventana', b'0', 8, '9190 2 623 245-3'),
(4750, 10, 'pasillo', b'1', 8, '9190 2 623 245-3'),
(4751, 11, 'ventana', b'1', 8, '9190 2 623 245-3'),
(4752, 12, 'pasillo', b'1', 8, '9190 2 623 245-3'),
(4753, 13, 'ventana', b'1', 8, '9190 2 623 245-3'),
(4754, 14, 'pasillo', b'1', 8, '9190 2 623 245-3'),
(4755, 15, 'ventana', b'1', 8, '9190 2 623 245-3'),
(4756, 16, 'pasillo', b'1', 8, '9190 2 623 245-3'),
(4757, 17, 'ventana', b'1', 8, '9190 2 623 245-3'),
(4758, 18, 'pasillo', b'1', 8, '9190 2 623 245-3'),
(4759, 19, 'ventana', b'1', 8, '9190 2 623 245-3'),
(4760, 20, 'pasillo', b'1', 8, '9190 2 623 245-3'),
(4761, 21, 'ventana', b'1', 8, '9190 2 623 245-3'),
(4762, 22, 'pasillo', b'1', 8, '9190 2 623 245-3'),
(4763, 23, 'ventana', b'1', 8, '9190 2 623 245-3'),
(4764, 24, 'pasillo', b'1', 8, '9190 2 623 245-3'),
(4765, 25, 'ventana', b'1', 8, '9190 2 623 245-3'),
(4766, 26, 'pasillo', b'1', 8, '9190 2 623 245-3'),
(4767, 27, 'ventana', b'1', 8, '9190 2 623 245-3'),
(4768, 28, 'pasillo', b'1', 8, '9190 2 623 245-3'),
(4769, 29, 'ventana', b'1', 8, '9190 2 623 245-3'),
(4770, 30, 'pasillo', b'1', 8, '9190 2 623 245-3'),
(4771, 31, 'pasillo', b'0', 8, '9190 2 623 245-3'),
(4772, 32, 'ventana', b'0', 8, '9190 2 623 245-3'),
(4773, 33, 'pasillo', b'1', 8, '9190 2 623 245-3'),
(4774, 34, 'ventana', b'1', 8, '9190 2 623 245-3'),
(4775, 35, 'pasillo', b'1', 8, '9190 2 623 245-3'),
(4776, 36, 'ventana', b'1', 8, '9190 2 623 245-3'),
(4777, 37, 'pasillo', b'0', 8, '9190 2 623 245-3'),
(4778, 38, 'ventana', b'0', 8, '9190 2 623 245-3'),
(4779, 39, 'pasillo', b'0', 8, '9190 2 623 245-3'),
(4780, 40, 'ventana', b'0', 8, '9190 2 623 245-3'),
(4781, 41, 'pasillo', b'0', 8, '9190 2 623 245-3'),
(4782, 42, 'ventana', b'0', 8, '9190 2 623 245-3'),
(4783, 43, 'pasillo', b'0', 8, '9190 2 623 245-3'),
(4784, 44, 'ventana', b'0', 8, '9190 2 623 245-3'),
(4785, 45, 'pasillo', b'1', 8, '9190 2 623 245-3'),
(4786, 46, 'ventana', b'1', 8, '9190 2 623 245-3'),
(4787, 47, 'pasillo', b'1', 8, '9190 2 623 245-3'),
(4788, 48, 'ventana', b'1', 8, '9190 2 623 245-3'),
(4789, 49, 'pasillo', b'1', 8, '9190 2 623 245-3'),
(4790, 50, 'ventana', b'1', 8, '9190 2 623 245-3'),
(4791, 51, 'pasillo', b'1', 8, '9190 2 623 245-3'),
(4792, 52, 'ventana', b'1', 8, '9190 2 623 245-3'),
(4793, 53, 'pasillo', b'1', 8, '9190 2 623 245-3'),
(4794, 54, 'ventana', b'1', 8, '9190 2 623 245-3'),
(4795, 55, 'pasillo', b'1', 8, '9190 2 623 245-3'),
(4796, 56, 'ventana', b'1', 8, '9190 2 623 245-3'),
(4797, 57, 'pasillo', b'1', 8, '9190 2 623 245-3'),
(4798, 58, 'ventana', b'1', 8, '9190 2 623 245-3'),
(4799, 59, 'pasillo', b'1', 8, '9190 2 623 245-3'),
(4800, 60, 'ventana', b'1', 8, '9190 2 623 245-3');

-- --------------------------------------------------------

--
-- Estructura de tabla para la tabla `boleterias`
--

CREATE TABLE `boleterias` (
  `nro_Boleteria` int(3) NOT NULL,
  `nombre_Estacion` varchar(50) NOT NULL,
  `nombre_Encargado` varchar(50) NOT NULL
) ENGINE=InnoDB DEFAULT CHARSET=utf8mb4;

--
-- Volcado de datos para la tabla `boleterias`
--

INSERT INTO `boleterias` (`nro_Boleteria`, `nombre_Estacion`, `nombre_Encargado`) VALUES
(1, 'El Cairo Travel', 'emple3'),
(2, 'Luxor Railway Station', 'emple3'),
(3, 'El Cairo Travel', 'emple3'),
(3, 'Luxor Railway Station', 'emple3'),
(4, 'El Cairo Travel', 'empleadoJon'),
(1, 'Luxor Railway Station', 'empleadoMartin'),
(2, 'El Cairo Travel', 'empleadoMartin');

-- --------------------------------------------------------

--
-- Estructura de tabla para la tabla `boletos`
--

CREATE TABLE `boletos` (
  `nro_Boleto` int(3) NOT NULL,
  `tipo_Clase_Plaza` varchar(50) NOT NULL,
  `fecha_Hora_Partida` datetime NOT NULL,
  `tipo_Asiento` varchar(50) NOT NULL,
  `cantidad_Boletos` int(3) NOT NULL,
  `cod_Boleteria` int(3) NOT NULL,
  `nro_Viaje` int(5) NOT NULL,
  `cod_Asiento` int(3) NOT NULL,
  `usuario_boleto` varchar(30) NOT NULL,
  `Num_Vagon` int(2) NOT NULL,
  `precio` int(10) NOT NULL,
  `pagado` bit(1) NOT NULL DEFAULT b'0'
) ENGINE=InnoDB DEFAULT CHARSET=utf8mb4;

--
-- Volcado de datos para la tabla `boletos`
--

INSERT INTO `boletos` (`nro_Boleto`, `tipo_Clase_Plaza`, `fecha_Hora_Partida`, `tipo_Asiento`, `cantidad_Boletos`, `cod_Boleteria`, `nro_Viaje`, `cod_Asiento`, `usuario_boleto`, `Num_Vagon`, `precio`, `pagado`) VALUES
(466, 'turista', '2022-11-11 02:19:00', 'ventana', 3, 3, 80, 3601, 'pepe1', 5, 100, b'0'),
(467, 'turista', '2022-11-11 02:19:00', 'ventana', 2, 3, 80, 3602, 'pepe1', 5, 100, b'0'),
(468, 'turista', '2022-11-11 02:19:00', 'ventana', 1, 3, 80, 3604, 'pepe1', 5, 100, b'0'),
(469, 'turista', '2022-11-11 02:19:00', 'ventana', 0, 3, 80, 3631, 'pepe1', 5, 100, b'0'),
(470, 'turista', '2022-11-11 02:19:00', 'ventana', 3, 1, 80, 3632, 'pepe1', 5, 100, b'0'),
(471, 'turista', '2022-11-11 02:19:00', 'ventana', 2, 1, 80, 3633, 'pepe1', 5, 100, b'0'),
(472, 'turista', '2022-11-11 02:19:00', 'ventana', 1, 1, 80, 3634, 'pepe1', 5, 100, b'0'),
(473, 'turista', '2022-11-11 02:19:00', 'ventana', 0, 1, 80, 3636, 'pepe1', 5, 100, b'0'),
(474, 'turista-fumador', '2022-11-11 02:19:00', 'ventana', 0, 2, 80, 3781, 'pepe1', 8, 200, b'0'),
(476, 'turista', '2022-11-11 02:19:00', 'pasillo', 1, 2, 80, 3635, 'pepe1', 5, 100, b'0'),
(477, 'turista', '2022-11-11 02:19:00', 'ventana', 0, 2, 80, 3638, 'pepe1', 5, 100, b'0'),
(478, 'pulman-fumador', '2022-11-11 02:19:00', 'pasillo', 3, 2, 80, 3366, 'pepe1', 1, 700, b'0'),
(479, 'pulman-fumador', '2022-11-11 02:19:00', 'ventana', 2, 2, 80, 3367, 'pepe1', 1, 700, b'0'),
(480, 'pulman-fumador', '2022-11-11 02:19:00', 'ventana', 1, 2, 80, 3396, 'pepe1', 1, 700, b'0'),
(481, 'pulman-fumador', '2022-11-11 02:19:00', 'pasillo', 0, 2, 80, 3397, 'pepe1', 1, 700, b'0'),
(482, 'pulman', '2022-11-11 02:19:00', 'pasillo', 1, 1, 80, 3461, 'pepe1', 2, 500, b'0'),
(483, 'pulman', '2022-11-11 02:19:00', 'ventana', 0, 1, 80, 3462, 'pepe1', 2, 500, b'0'),
(484, 'pulman-fumador', '2022-11-11 21:51:00', 'ventana', 0, 1, 83, 3872, 'pepe1', 1, 700, b'0'),
(493, 'turista-fumador', '2022-11-12 20:00:00', 'ventana', 2, 3, 93, 4747, 'JuanPedro', 8, 200, b'0'),
(494, 'turista-fumador', '2022-11-12 20:00:00', 'pasillo', 1, 3, 93, 4748, 'JuanPedro', 8, 200, b'0'),
(495, 'turista-fumador', '2022-11-12 20:00:00', 'ventana', 0, 3, 93, 4749, 'JuanPedro', 8, 200, b'0'),
(496, 'turista', '2022-11-13 07:00:00', 'ventana', 3, 2, 89, 4143, 'JuanPedro', 6, 100, b'0'),
(497, 'turista', '2022-11-13 07:00:00', 'pasillo', 2, 2, 89, 4144, 'JuanPedro', 6, 100, b'0'),
(498, 'turista', '2022-11-13 07:00:00', 'ventana', 1, 2, 89, 4145, 'JuanPedro', 6, 100, b'0'),
(499, 'turista', '2022-11-13 07:00:00', 'pasillo', 0, 2, 89, 4146, 'JuanPedro', 6, 100, b'0'),
(500, 'pulman', '2022-11-13 09:10:00', 'ventana', 7, 2, 94, 4517, 'JuanPedro', 4, 500, b'0'),
(501, 'pulman', '2022-11-13 09:10:00', 'pasillo', 6, 2, 94, 4518, 'JuanPedro', 4, 500, b'0'),
(502, 'pulman', '2022-11-13 09:10:00', 'ventana', 5, 2, 94, 4519, 'JuanPedro', 4, 500, b'0'),
(503, 'pulman', '2022-11-13 09:10:00', 'pasillo', 4, 2, 94, 4520, 'JuanPedro', 4, 500, b'0'),
(504, 'pulman', '2022-11-13 09:10:00', 'pasillo', 3, 2, 94, 4531, 'JuanPedro', 4, 500, b'0'),
(505, 'pulman', '2022-11-13 09:10:00', 'ventana', 2, 2, 94, 4532, 'JuanPedro', 4, 500, b'0'),
(506, 'pulman', '2022-11-13 09:10:00', 'pasillo', 1, 2, 94, 4533, 'JuanPedro', 4, 500, b'0'),
(507, 'pulman', '2022-11-13 09:10:00', 'ventana', 0, 2, 94, 4534, 'JuanPedro', 4, 500, b'0'),
(508, 'pulman-fumador', '2022-11-12 20:00:00', 'ventana', 3, 3, 93, 4321, 'VictorJose', 1, 700, b'0'),
(509, 'pulman-fumador', '2022-11-12 20:00:00', 'pasillo', 2, 3, 93, 4322, 'VictorJose', 1, 700, b'0'),
(510, 'pulman-fumador', '2022-11-12 20:00:00', 'ventana', 1, 3, 93, 4323, 'VictorJose', 1, 700, b'0'),
(511, 'pulman-fumador', '2022-11-12 20:00:00', 'pasillo', 0, 3, 93, 4324, 'VictorJose', 1, 700, b'0'),
(512, 'turista-fumador', '2022-11-13 07:00:00', 'ventana', 5, 3, 89, 4265, 'VictorJose', 8, 200, b'0'),
(513, 'turista-fumador', '2022-11-13 07:00:00', 'pasillo', 4, 3, 89, 4266, 'VictorJose', 8, 200, b'0'),
(514, 'turista-fumador', '2022-11-13 07:00:00', 'pasillo', 3, 3, 89, 4291, 'VictorJose', 8, 200, b'0'),
(515, 'turista-fumador', '2022-11-13 07:00:00', 'ventana', 2, 3, 89, 4292, 'VictorJose', 8, 200, b'0'),
(516, 'turista-fumador', '2022-11-13 07:00:00', 'pasillo', 1, 3, 89, 4297, 'VictorJose', 8, 200, b'0'),
(517, 'turista-fumador', '2022-11-13 07:00:00', 'ventana', 0, 3, 89, 4298, 'VictorJose', 8, 200, b'0'),
(518, 'turista-fumador', '2022-11-13 09:10:00', 'pasillo', 9, 3, 94, 4771, 'VictorJose', 8, 200, b'0'),
(519, 'turista-fumador', '2022-11-13 09:10:00', 'ventana', 8, 3, 94, 4772, 'VictorJose', 8, 200, b'0'),
(520, 'turista-fumador', '2022-11-13 09:10:00', 'pasillo', 7, 3, 94, 4777, 'VictorJose', 8, 200, b'0'),
(521, 'turista-fumador', '2022-11-13 09:10:00', 'ventana', 6, 3, 94, 4778, 'VictorJose', 8, 200, b'0'),
(522, 'turista-fumador', '2022-11-13 09:10:00', 'pasillo', 5, 3, 94, 4779, 'VictorJose', 8, 200, b'0'),
(523, 'turista-fumador', '2022-11-13 09:10:00', 'ventana', 4, 3, 94, 4780, 'VictorJose', 8, 200, b'0'),
(524, 'turista-fumador', '2022-11-13 09:10:00', 'pasillo', 3, 3, 94, 4781, 'VictorJose', 8, 200, b'0'),
(525, 'turista-fumador', '2022-11-13 09:10:00', 'ventana', 2, 3, 94, 4782, 'VictorJose', 8, 200, b'0'),
(526, 'turista-fumador', '2022-11-13 09:10:00', 'pasillo', 1, 3, 94, 4783, 'VictorJose', 8, 200, b'0'),
(527, 'turista-fumador', '2022-11-13 09:10:00', 'ventana', 0, 3, 94, 4784, 'VictorJose', 8, 200, b'0'),
(528, 'pulman', '2022-11-14 17:00:00', 'pasillo', 2, 2, 85, 3453, 'VictorJose', 2, 500, b'0'),
(529, 'pulman', '2022-11-14 17:00:00', 'ventana', 1, 2, 85, 3454, 'VictorJose', 2, 500, b'0'),
(530, 'pulman', '2022-11-14 17:00:00', 'pasillo', 0, 2, 85, 3455, 'VictorJose', 2, 500, b'0'),
(531, 'pulman', '2022-11-14 17:00:00', 'ventana', 4, 2, 85, 3545, 'pepe1', 4, 500, b'0'),
(532, 'pulman', '2022-11-14 17:00:00', 'pasillo', 3, 2, 85, 3546, 'pepe1', 4, 500, b'0'),
(533, 'pulman', '2022-11-14 17:00:00', 'ventana', 2, 2, 85, 3547, 'pepe1', 4, 500, b'0'),
(534, 'pulman', '2022-11-14 17:00:00', 'pasillo', 1, 2, 85, 3548, 'pepe1', 4, 500, b'0'),
(535, 'pulman', '2022-11-14 17:00:00', 'pasillo', 0, 2, 85, 3575, 'pepe1', 4, 500, b'0');

-- --------------------------------------------------------

--
-- Estructura de tabla para la tabla `contactos`
--

CREATE TABLE `contactos` (
  `cod_contac` int(6) NOT NULL,
  `nombre` varchar(30) NOT NULL,
  `email` varchar(30) NOT NULL,
  `problema` varchar(300) NOT NULL
) ENGINE=InnoDB DEFAULT CHARSET=utf8mb4;

--
-- Volcado de datos para la tabla `contactos`
--

INSERT INTO `contactos` (`cod_contac`, `nombre`, `email`, `problema`) VALUES
(1, 'pepe', 'pepe@hotmail.com', 'Esta pagina'),
(2, 'pepe', 'pepe@hotmail.com', 'Esta pagina'),
(4, '7567', 'ja@gmail.com', 'Esta paginaaaaa');

-- --------------------------------------------------------

--
-- Estructura de tabla para la tabla `estaciones`
--

CREATE TABLE `estaciones` (
  `nombre` varchar(50) NOT NULL,
  `ciudad` varchar(50) NOT NULL,
  `condicion` varchar(50) NOT NULL
) ENGINE=InnoDB DEFAULT CHARSET=utf8mb4;

--
-- Volcado de datos para la tabla `estaciones`
--

INSERT INTO `estaciones` (`nombre`, `ciudad`, `condicion`) VALUES
('El Cairo Travel', 'El Cairo', 'Buena'),
('Luxor Railway Station', 'Luxor', 'Mediocre');

-- --------------------------------------------------------

--
-- Estructura de tabla para la tabla `trenes`
--

CREATE TABLE `trenes` (
  `matricula` varchar(20) NOT NULL,
  `nombre` varchar(50) NOT NULL,
  `descripcion` varchar(200) NOT NULL,
  `activo` bit(1) NOT NULL
) ENGINE=InnoDB DEFAULT CHARSET=utf8mb4;

--
-- Volcado de datos para la tabla `trenes`
--

INSERT INTO `trenes` (`matricula`, `nombre`, `descripcion`, `activo`) VALUES
('9190 2 623 245-1', 'Tren1', 'Primer tren', b'1'),
('9190 2 623 245-2', 'Tren2', 'Segundo tren', b'1'),
('9190 2 623 245-3', 'Tren3', 'Tercer tren', b'1');

-- --------------------------------------------------------

--
-- Estructura de tabla para la tabla `usuarios`
--

CREATE TABLE `usuarios` (
  `cod_Usuario` int(10) NOT NULL,
  `nombre` varchar(30) NOT NULL,
  `apellido` varchar(30) NOT NULL,
  `usuario` varchar(30) NOT NULL,
  `email` varchar(40) NOT NULL,
  `contrasenia` varchar(255) NOT NULL,
  `tipo_Usuario` varchar(30) NOT NULL DEFAULT 'Pasajero'
) ENGINE=InnoDB DEFAULT CHARSET=utf8mb4;

--
-- Volcado de datos para la tabla `usuarios`
--

INSERT INTO `usuarios` (`cod_Usuario`, `nombre`, `apellido`, `usuario`, `email`, `contrasenia`, `tipo_Usuario`) VALUES
(4, 'pepe', 'karz', 'pepe1', 'pepe@hotmail.com', '81dc9bdb52d04dc20036dbd8313ed055', 'Pasajero'),
(5, 'ADMIN', 'ADMIN', 'ADMIN', 'ADMIN@admin.com', '73acd9a5972130b75066c82595a1fae3', 'Pasajero'),
(8, 'alf', 'extr', 'Marcia', 'alf@gmail.com', '893f53c159eab9178ab181bad8da4262', 'Pasajero'),
(9, 'jose', 'perez', 'jose1', 'jose@hotmail.com', '202cb962ac59075b964b07152d234b70', 'Pasajero'),
(14, 'Simon', 'Barcelo', 'empleadoSimon', 'empleadoSimon@hotmail.com', '81dc9bdb52d04dc20036dbd8313ed055', 'Supervisor de boletos'),
(15, 'Martin', 'Planas', 'empleadoMartin', 'empleadoMartin@hotmail.com', '827ccb0eea8a706c4c34a16891f84e7b', 'Seguridad de vias'),
(16, 'emple3', 'emple3', 'emple3', 'emple3@hotmail.com', 'e10adc3949ba59abbe56e057f20f883e', 'Pasajero'),
(17, 'Ian', 'Sans', 'empleadoIan', 'empleadoIan@hotmail.com', '827ccb0eea8a706c4c34a16891f84e7b', 'Maquinista'),
(18, 'Marcel', 'Castells', 'empleadoMarcel', 'empleadoMarcel@hotmail.com', '827ccb0eea8a706c4c34a16891f84e7b', 'Encargado de boleteria'),
(19, 'Gaizka', 'Zhang', 'empleadoGaizka', 'empleadoGaizka@hotmail.com', '827ccb0eea8a706c4c34a16891f84e7b', 'Maquinista'),
(20, 'Jon', 'Comas', 'empleadoJon', 'empleadoJon@hotmail.com', '827ccb0eea8a706c4c34a16891f84e7b', 'Encargado de boleteria'),
(21, 'Jesus Miguel ', 'Aragon', 'empleadoJesus', 'empleadoJesus@hotmail.com', '827ccb0eea8a706c4c34a16891f84e7b', 'Supervisor de boletos'),
(22, 'Gerardo', 'Garcia', 'empleadoGerardo', 'empleadoGerardo@hotmail.com', '827ccb0eea8a706c4c34a16891f84e7b', 'Seguridad de vias'),
(23, 'Victor Jose', 'Hurtado', 'VictorJose', 'VictorJose@hotmail.com', '827ccb0eea8a706c4c34a16891f84e7b', 'Pasajero'),
(24, 'Juan Pedro', 'Souto', 'JuanPedro', 'JuanPedro@hotmail.com', '827ccb0eea8a706c4c34a16891f84e7b', 'Pasajero');

-- --------------------------------------------------------

--
-- Estructura de tabla para la tabla `vagones`
--

CREATE TABLE `vagones` (
  `nro_Vagon` int(2) NOT NULL,
  `tipo_vagon` varchar(50) NOT NULL,
  `cod_Tren` varchar(20) NOT NULL
) ENGINE=InnoDB DEFAULT CHARSET=utf8mb4;

--
-- Volcado de datos para la tabla `vagones`
--

INSERT INTO `vagones` (`nro_Vagon`, `tipo_vagon`, `cod_Tren`) VALUES
(1, 'pulman-fumador', '9190 2 623 245-1'),
(1, 'pulman-fumador', '9190 2 623 245-2'),
(1, 'pulman-fumador', '9190 2 623 245-3'),
(2, 'pulman', '9190 2 623 245-1'),
(2, 'pulman', '9190 2 623 245-2'),
(2, 'pulman', '9190 2 623 245-3'),
(3, 'pulman', '9190 2 623 245-1'),
(3, 'pulman', '9190 2 623 245-2'),
(3, 'pulman', '9190 2 623 245-3'),
(4, 'pulman', '9190 2 623 245-1'),
(4, 'pulman', '9190 2 623 245-2'),
(4, 'pulman', '9190 2 623 245-3'),
(5, 'turista', '9190 2 623 245-1'),
(5, 'turista', '9190 2 623 245-2'),
(5, 'turista', '9190 2 623 245-3'),
(6, 'turista', '9190 2 623 245-1'),
(6, 'turista', '9190 2 623 245-2'),
(6, 'turista', '9190 2 623 245-3'),
(7, 'turista', '9190 2 623 245-1'),
(7, 'turista', '9190 2 623 245-2'),
(7, 'turista', '9190 2 623 245-3'),
(8, 'turista-fumador', '9190 2 623 245-1'),
(8, 'turista-fumador', '9190 2 623 245-2'),
(8, 'turista-fumador', '9190 2 623 245-3');

-- --------------------------------------------------------

--
-- Estructura de tabla para la tabla `viajes`
--

CREATE TABLE `viajes` (
  `cod_Viaje` int(5) NOT NULL,
  `fecha_Hora_Partida` datetime NOT NULL,
  `fecha_Hora_Llegada` datetime NOT NULL,
  `nombre_Origen` varchar(50) NOT NULL,
  `nombre_Destino` varchar(50) NOT NULL,
  `cod_Tren` varchar(20) NOT NULL,
  `terminado` enum('Terminado','En_proceso','No_iniciado') NOT NULL,
  `Supervisor_de_Viajes` varchar(50) NOT NULL,
  `Encargado_Seguridad` varchar(50) NOT NULL,
  `Maquinista` varchar(50) NOT NULL
) ENGINE=InnoDB DEFAULT CHARSET=utf8mb4;

--
-- Volcado de datos para la tabla `viajes`
--

INSERT INTO `viajes` (`cod_Viaje`, `fecha_Hora_Partida`, `fecha_Hora_Llegada`, `nombre_Origen`, `nombre_Destino`, `cod_Tren`, `terminado`, `Supervisor_de_Viajes`, `Encargado_Seguridad`, `Maquinista`) VALUES
(80, '2022-11-11 02:19:00', '2022-11-12 02:19:00', 'Luxor Railway Station', 'El Cairo Travel', '9190 2 623 245-1', 'Terminado', 'emple2', 'emple1', 'pepe1'),
(83, '2022-11-11 21:51:00', '2022-11-12 21:51:00', 'Luxor Railway Station', 'El Cairo Travel', '9190 2 623 245-2', 'En_proceso', 'emple2', 'emple1', 'pepe1'),
(84, '2022-11-12 06:47:00', '2022-11-12 15:50:00', 'El Cairo Travel', 'Luxor Railway Station', '9190 2 623 245-3', 'En_proceso', 'empleadoSimon', 'empleadoMartin', 'empleadoIan'),
(85, '2022-11-14 17:00:00', '2022-11-15 00:40:00', 'Luxor Railway Station', 'El Cairo Travel', '9190 2 623 245-1', 'No_iniciado', 'empleadoSimon', 'empleadoGerardo', 'empleadoIan'),
(86, '2022-11-15 04:50:00', '2022-11-15 18:50:00', 'El Cairo Travel', 'Luxor Railway Station', '9190 2 623 245-1', 'No_iniciado', 'empleadoSimon', 'empleadoMartin', 'empleadoIan'),
(87, '2022-11-15 21:00:00', '2022-11-16 06:50:00', 'Luxor Railway Station', 'El Cairo Travel', '9190 2 623 245-1', 'No_iniciado', 'empleadoJesus', 'empleadoMartin', 'empleadoGaizka'),
(88, '2022-11-16 10:00:00', '2022-11-16 19:50:00', 'El Cairo Travel', 'Luxor Railway Station', '9190 2 623 245-1', 'No_iniciado', 'empleadoSimon', 'empleadoGerardo', 'empleadoGaizka'),
(89, '2022-11-13 07:00:00', '2022-11-13 20:10:00', 'El Cairo Travel', 'Luxor Railway Station', '9190 2 623 245-2', 'No_iniciado', 'empleadoSimon', 'empleadoMartin', 'empleadoIan'),
(90, '2022-11-13 23:00:00', '2022-11-14 07:00:00', 'Luxor Railway Station', 'El Cairo Travel', '9190 2 623 245-2', 'No_iniciado', 'empleadoSimon', 'empleadoGerardo', 'empleadoIan'),
(91, '2022-11-14 09:30:00', '2022-11-14 19:00:00', 'El Cairo Travel', 'Luxor Railway Station', '9190 2 623 245-2', 'No_iniciado', 'empleadoSimon', 'empleadoMartin', 'empleadoIan'),
(92, '2022-11-14 22:00:00', '2022-11-15 06:30:00', 'Luxor Railway Station', 'El Cairo Travel', '9190 2 623 245-2', 'No_iniciado', 'empleadoSimon', 'empleadoMartin', 'empleadoIan'),
(93, '2022-11-12 20:00:00', '2022-11-13 07:40:00', 'Luxor Railway Station', 'El Cairo Travel', '9190 2 623 245-3', 'No_iniciado', 'empleadoSimon', 'empleadoMartin', 'empleadoIan'),
(94, '2022-11-13 09:10:00', '2022-11-13 20:50:00', 'El Cairo Travel', 'Luxor Railway Station', '9190 2 623 245-3', 'No_iniciado', 'empleadoJesus', 'empleadoGerardo', 'empleadoGaizka'),
(95, '2022-11-14 00:15:00', '2022-11-15 08:00:00', 'Luxor Railway Station', 'El Cairo Travel', '9190 2 623 245-3', 'No_iniciado', 'empleadoSimon', 'empleadoMartin', 'empleadoGaizka'),
(96, '2022-11-15 10:40:00', '2022-11-15 21:00:00', 'El Cairo Travel', 'Luxor Railway Station', '9190 2 623 245-3', 'No_iniciado', 'empleadoJesus', 'empleadoGerardo', 'empleadoIan');

--
-- Índices para tablas volcadas
--

--
-- Indices de la tabla `asientos`
--
ALTER TABLE `asientos`
  ADD PRIMARY KEY (`cod_asiento`,`matri_tren`),
  ADD KEY `matri_tren` (`matri_tren`);

--
-- Indices de la tabla `boleterias`
--
ALTER TABLE `boleterias`
  ADD PRIMARY KEY (`nro_Boleteria`,`nombre_Estacion`),
  ADD KEY `nombre_Estacion` (`nombre_Estacion`),
  ADD KEY `nombre_Encargado` (`nombre_Encargado`);

--
-- Indices de la tabla `boletos`
--
ALTER TABLE `boletos`
  ADD PRIMARY KEY (`nro_Boleto`),
  ADD KEY `cod_Boleteria` (`cod_Boleteria`),
  ADD KEY `nro_Viaje` (`nro_Viaje`),
  ADD KEY `cod_Asiento` (`cod_Asiento`),
  ADD KEY `usuario_boleto` (`usuario_boleto`);

--
-- Indices de la tabla `contactos`
--
ALTER TABLE `contactos`
  ADD PRIMARY KEY (`cod_contac`);

--
-- Indices de la tabla `estaciones`
--
ALTER TABLE `estaciones`
  ADD PRIMARY KEY (`nombre`);

--
-- Indices de la tabla `trenes`
--
ALTER TABLE `trenes`
  ADD PRIMARY KEY (`matricula`);

--
-- Indices de la tabla `usuarios`
--
ALTER TABLE `usuarios`
  ADD PRIMARY KEY (`cod_Usuario`),
  ADD UNIQUE KEY `usuario` (`usuario`);

--
-- Indices de la tabla `vagones`
--
ALTER TABLE `vagones`
  ADD PRIMARY KEY (`nro_Vagon`,`cod_Tren`),
  ADD KEY `cod_Tren` (`cod_Tren`);

--
-- Indices de la tabla `viajes`
--
ALTER TABLE `viajes`
  ADD PRIMARY KEY (`cod_Viaje`),
  ADD KEY `nombre_Origen` (`nombre_Origen`),
  ADD KEY `nombre_Destino` (`nombre_Destino`),
  ADD KEY `cod_Tren` (`cod_Tren`);

--
-- AUTO_INCREMENT de las tablas volcadas
--

--
-- AUTO_INCREMENT de la tabla `asientos`
--
ALTER TABLE `asientos`
  MODIFY `cod_asiento` int(6) NOT NULL AUTO_INCREMENT, AUTO_INCREMENT=4801;

--
-- AUTO_INCREMENT de la tabla `boletos`
--
ALTER TABLE `boletos`
  MODIFY `nro_Boleto` int(3) NOT NULL AUTO_INCREMENT, AUTO_INCREMENT=536;

--
-- AUTO_INCREMENT de la tabla `contactos`
--
ALTER TABLE `contactos`
  MODIFY `cod_contac` int(6) NOT NULL AUTO_INCREMENT, AUTO_INCREMENT=5;

--
-- AUTO_INCREMENT de la tabla `usuarios`
--
ALTER TABLE `usuarios`
  MODIFY `cod_Usuario` int(10) NOT NULL AUTO_INCREMENT, AUTO_INCREMENT=25;

--
-- AUTO_INCREMENT de la tabla `viajes`
--
ALTER TABLE `viajes`
  MODIFY `cod_Viaje` int(5) NOT NULL AUTO_INCREMENT, AUTO_INCREMENT=97;

--
-- Restricciones para tablas volcadas
--

--
-- Filtros para la tabla `asientos`
--
ALTER TABLE `asientos`
  ADD CONSTRAINT `asientos_ibfk_1` FOREIGN KEY (`matri_tren`) REFERENCES `trenes` (`matricula`) ON DELETE NO ACTION ON UPDATE CASCADE;

--
-- Filtros para la tabla `boleterias`
--
ALTER TABLE `boleterias`
  ADD CONSTRAINT `boleterias_ibfk_1` FOREIGN KEY (`nombre_Estacion`) REFERENCES `estaciones` (`nombre`) ON DELETE NO ACTION ON UPDATE CASCADE,
  ADD CONSTRAINT `boleterias_ibfk_2` FOREIGN KEY (`nombre_Encargado`) REFERENCES `usuarios` (`usuario`) ON DELETE NO ACTION ON UPDATE CASCADE;

--
-- Filtros para la tabla `boletos`
--
ALTER TABLE `boletos`
  ADD CONSTRAINT `boletos_ibfk_1` FOREIGN KEY (`cod_Boleteria`) REFERENCES `boleterias` (`nro_Boleteria`) ON DELETE NO ACTION ON UPDATE CASCADE,
  ADD CONSTRAINT `boletos_ibfk_2` FOREIGN KEY (`nro_Viaje`) REFERENCES `viajes` (`cod_Viaje`) ON DELETE NO ACTION ON UPDATE CASCADE,
  ADD CONSTRAINT `boletos_ibfk_3` FOREIGN KEY (`cod_Asiento`) REFERENCES `asientos` (`cod_asiento`) ON DELETE NO ACTION ON UPDATE CASCADE,
  ADD CONSTRAINT `boletos_ibfk_4` FOREIGN KEY (`usuario_boleto`) REFERENCES `usuarios` (`usuario`) ON DELETE NO ACTION ON UPDATE CASCADE;

--
-- Filtros para la tabla `vagones`
--
ALTER TABLE `vagones`
  ADD CONSTRAINT `vagones_ibfk_1` FOREIGN KEY (`cod_Tren`) REFERENCES `trenes` (`matricula`) ON DELETE NO ACTION ON UPDATE CASCADE;

--
-- Filtros para la tabla `viajes`
--
ALTER TABLE `viajes`
  ADD CONSTRAINT `viajes_ibfk_1` FOREIGN KEY (`nombre_Origen`) REFERENCES `estaciones` (`nombre`) ON DELETE NO ACTION ON UPDATE CASCADE,
  ADD CONSTRAINT `viajes_ibfk_2` FOREIGN KEY (`nombre_Destino`) REFERENCES `estaciones` (`nombre`) ON DELETE NO ACTION ON UPDATE CASCADE,
  ADD CONSTRAINT `viajes_ibfk_3` FOREIGN KEY (`cod_Tren`) REFERENCES `trenes` (`matricula`) ON DELETE NO ACTION ON UPDATE CASCADE;
COMMIT;

/*!40101 SET CHARACTER_SET_CLIENT=@OLD_CHARACTER_SET_CLIENT */;
/*!40101 SET CHARACTER_SET_RESULTS=@OLD_CHARACTER_SET_RESULTS */;
/*!40101 SET COLLATION_CONNECTION=@OLD_COLLATION_CONNECTION */;
